Codi_Ciutat,Data_Referencia,Variable,Valor,Codi_Districte,Codi_Barri
01,2000,Preu_Lloguer,408.2685322355134,NA,NA
01,2001,Preu_Lloguer,466.3374181468342,NA,NA
01,2002,Preu_Lloguer,519.8091215176305,NA,NA
01,2003,Preu_Lloguer,550.5919990922241,NA,NA
01,2004,Preu_Lloguer,584.7805513742546,NA,NA
01,2005,Preu_Lloguer,636.0211688528047,NA,NA
01,2006,Preu_Lloguer,695.7542757463473,NA,NA
01,2007,Preu_Lloguer,766.1753198493724,NA,NA
01,2008,Preu_Lloguer,813.0232615731738,NA,NA
01,2009,Preu_Lloguer,792.8864332595824,NA,NA
01,2010,Preu_Lloguer,761.8669323777724,NA,NA
01,2011,Preu_Lloguer,752.8601402531713,NA,NA
01,2012,Preu_Lloguer,720.1318520184179,NA,NA
01,2013,Preu_Lloguer,681.5566732658025,NA,NA
01,2014,Preu_Lloguer,688.2341311431851,NA,NA
01,2015,Preu_Lloguer,734.9363,NA,NA
01,2016,Preu_Lloguer,801.2836764496692,NA,NA
01,2017,Preu_Lloguer,877.2765183272254,NA,NA
01,2018,Preu_Lloguer,929.5675992078314,NA,NA
01,2019,Preu_Lloguer,978.8066339142974,NA,NA
01,2020,Preu_Lloguer,964.8080379305227,NA,NA
01,2021,Preu_Lloguer,918.8359576962074,NA,NA
01,2022,Preu_Lloguer,1026.8605746865048,NA,NA
01,2023,Preu_Lloguer,1136.3999608613592,NA,NA
NA,2000,Preu_Lloguer,325.191895,01,NA
NA,2000,Preu_Lloguer,436.38177081055386,02,NA
NA,2000,Preu_Lloguer,336.5556242385787,03,NA
NA,2000,Preu_Lloguer,567.732135193133,04,NA
NA,2000,Preu_Lloguer,631.1879851063829,05,NA
NA,2000,Preu_Lloguer,370.8561976055451,06,NA
NA,2000,Preu_Lloguer,334.52118871794875,07,NA
NA,2000,Preu_Lloguer,330.9945278177458,08,NA
NA,2000,Preu_Lloguer,339.494251257485,09,NA
NA,2000,Preu_Lloguer,341.65002105263164,10,NA
NA,2001,Preu_Lloguer,350.92491605970156,01,NA
NA,2001,Preu_Lloguer,515.1926847397564,02,NA
NA,2001,Preu_Lloguer,381.9285678712592,03,NA
NA,2001,Preu_Lloguer,627.0041339966832,04,NA
NA,2001,Preu_Lloguer,659.9213284589426,05,NA
NA,2001,Preu_Lloguer,425.7158129649309,06,NA
NA,2001,Preu_Lloguer,390.4950255513308,07,NA
NA,2001,Preu_Lloguer,369.3698933411215,08,NA
NA,2001,Preu_Lloguer,385.0425803639847,09,NA
NA,2001,Preu_Lloguer,398.11733671437463,10,NA
NA,2002,Preu_Lloguer,412.05318326592516,01,NA
NA,2002,Preu_Lloguer,564.6640624035281,02,NA
NA,2002,Preu_Lloguer,437.0376060094887,03,NA
NA,2002,Preu_Lloguer,621.4756297546013,04,NA
NA,2002,Preu_Lloguer,742.9375493564633,05,NA
NA,2002,Preu_Lloguer,495.7275559572301,06,NA
NA,2002,Preu_Lloguer,421.2141595467033,07,NA
NA,2002,Preu_Lloguer,426.9712544984488,08,NA
NA,2002,Preu_Lloguer,431.4420827524575,09,NA
NA,2002,Preu_Lloguer,467.7149254761905,10,NA
NA,2003,Preu_Lloguer,443.1504516235294,01,NA
NA,2003,Preu_Lloguer,595.484051584235,02,NA
NA,2003,Preu_Lloguer,453.74140288046084,03,NA
NA,2003,Preu_Lloguer,667.7120921750662,04,NA
NA,2003,Preu_Lloguer,762.1537589534325,05,NA
NA,2003,Preu_Lloguer,507.38667074255216,06,NA
NA,2003,Preu_Lloguer,463.8770806451613,07,NA
NA,2003,Preu_Lloguer,438.4277675491033,08,NA
NA,2003,Preu_Lloguer,462.25262539562925,09,NA
NA,2003,Preu_Lloguer,484.7596143909348,10,NA
NA,2004,Preu_Lloguer,469.85637020057305,01,NA
NA,2004,Preu_Lloguer,635.3561163190824,02,NA
NA,2004,Preu_Lloguer,498.79426435483884,03,NA
NA,2004,Preu_Lloguer,705.081730195599,04,NA
NA,2004,Preu_Lloguer,823.7622589569161,05,NA
NA,2004,Preu_Lloguer,548.9619223514749,06,NA
NA,2004,Preu_Lloguer,501.23571312394836,07,NA
NA,2004,Preu_Lloguer,472.715446351243,08,NA
NA,2004,Preu_Lloguer,508.34954340425537,09,NA
NA,2004,Preu_Lloguer,531.9114227708533,10,NA
NA,2005,Preu_Lloguer,539.2881261467891,01,NA
NA,2005,Preu_Lloguer,703.0551282354991,02,NA
NA,2005,Preu_Lloguer,558.7279836969002,03,NA
NA,2005,Preu_Lloguer,742.4270189732142,04,NA
NA,2005,Preu_Lloguer,863.5708228010247,05,NA
NA,2005,Preu_Lloguer,620.9501228697749,06,NA
NA,2005,Preu_Lloguer,552.0904661338661,07,NA
NA,2005,Preu_Lloguer,513.4849255813954,08,NA
NA,2005,Preu_Lloguer,569.4025913815789,09,NA
NA,2005,Preu_Lloguer,605.9312505046428,10,NA
NA,2006,Preu_Lloguer,597.5975604175194,01,NA
NA,2006,Preu_Lloguer,750.7286647216752,02,NA
NA,2006,Preu_Lloguer,620.9256028549383,03,NA
NA,2006,Preu_Lloguer,829.1531525215253,04,NA
NA,2006,Preu_Lloguer,917.6613176150628,05,NA
NA,2006,Preu_Lloguer,668.7087227707005,06,NA
NA,2006,Preu_Lloguer,629.9971428717948,07,NA
NA,2006,Preu_Lloguer,582.1281762256548,08,NA
NA,2006,Preu_Lloguer,601.7221108827085,09,NA
NA,2006,Preu_Lloguer,682.0566245186641,10,NA
NA,2007,Preu_Lloguer,660.9569614417435,01,NA
NA,2007,Preu_Lloguer,831.100537985562,02,NA
NA,2007,Preu_Lloguer,668.8480967361384,03,NA
NA,2007,Preu_Lloguer,955.429246344207,04,NA
NA,2007,Preu_Lloguer,1014.2448477466503,05,NA
NA,2007,Preu_Lloguer,741.5934248210025,06,NA
NA,2007,Preu_Lloguer,660.2914962962961,07,NA
NA,2007,Preu_Lloguer,632.1307752442997,08,NA
NA,2007,Preu_Lloguer,675.8210760309279,09,NA
NA,2007,Preu_Lloguer,730.6151333606894,10,NA
NA,2008,Preu_Lloguer,729.5869728248797,01,NA
NA,2008,Preu_Lloguer,891.6376755111597,02,NA
NA,2008,Preu_Lloguer,725.9387001978239,03,NA
NA,2008,Preu_Lloguer,990.5826175879397,04,NA
NA,2008,Preu_Lloguer,1081.9069715450312,05,NA
NA,2008,Preu_Lloguer,792.0687466462377,06,NA
NA,2008,Preu_Lloguer,718.3601053315411,07,NA
NA,2008,Preu_Lloguer,676.5102096273292,08,NA
NA,2008,Preu_Lloguer,723.9038799884327,09,NA
NA,2008,Preu_Lloguer,770.1626009749302,10,NA
NA,2009,Preu_Lloguer,715.6755064283474,01,NA
NA,2009,Preu_Lloguer,862.8537776585758,02,NA
NA,2009,Preu_Lloguer,698.8613802978238,03,NA
NA,2009,Preu_Lloguer,933.7197145405887,04,NA
NA,2009,Preu_Lloguer,1029.2998762541806,05,NA
NA,2009,Preu_Lloguer,762.2838053097346,06,NA
NA,2009,Preu_Lloguer,689.6816138650764,07,NA
NA,2009,Preu_Lloguer,653.2752523933856,08,NA
NA,2009,Preu_Lloguer,707.2339708561021,09,NA
NA,2009,Preu_Lloguer,738.2563314489735,10,NA
NA,2010,Preu_Lloguer,678.7898240546218,01,NA
NA,2010,Preu_Lloguer,833.4628427584593,02,NA
NA,2010,Preu_Lloguer,671.9083610567515,03,NA
NA,2010,Preu_Lloguer,908.9365423242468,04,NA
NA,2010,Preu_Lloguer,998.6143324645236,05,NA
NA,2010,Preu_Lloguer,738.7269418338838,06,NA
NA,2010,Preu_Lloguer,652.1097073331141,07,NA
NA,2010,Preu_Lloguer,621.4629239269018,08,NA
NA,2010,Preu_Lloguer,672.7344634146342,09,NA
NA,2010,Preu_Lloguer,727.5044312796209,10,NA
NA,2011,Preu_Lloguer,663.0184922922923,01,NA
NA,2011,Preu_Lloguer,821.8094212719043,02,NA
NA,2011,Preu_Lloguer,671.5988551348793,03,NA
NA,2011,Preu_Lloguer,891.4545337365591,04,NA
NA,2011,Preu_Lloguer,1017.1143652956988,05,NA
NA,2011,Preu_Lloguer,737.052674523397,06,NA
NA,2011,Preu_Lloguer,636.7302714098361,07,NA
NA,2011,Preu_Lloguer,609.4270101188195,08,NA
NA,2011,Preu_Lloguer,658.3704601918465,09,NA
NA,2011,Preu_Lloguer,705.3873780762343,10,NA
NA,2012,Preu_Lloguer,644.1452034317253,01,NA
NA,2012,Preu_Lloguer,800.4475975633422,02,NA
NA,2012,Preu_Lloguer,633.0762935875587,03,NA
NA,2012,Preu_Lloguer,867.3554136125654,04,NA
NA,2012,Preu_Lloguer,984.4358269309463,05,NA
NA,2012,Preu_Lloguer,706.6008040047394,06,NA
NA,2012,Preu_Lloguer,605.9197663764636,07,NA
NA,2012,Preu_Lloguer,551.6863727367326,08,NA
NA,2012,Preu_Lloguer,626.8252541378052,09,NA
NA,2012,Preu_Lloguer,673.6015591480448,10,NA
NA,2013,Preu_Lloguer,618.6695988756464,01,NA
NA,2013,Preu_Lloguer,763.5268187506308,02,NA
NA,2013,Preu_Lloguer,596.4172654735572,03,NA
NA,2013,Preu_Lloguer,826.7089696695097,04,NA
NA,2013,Preu_Lloguer,935.4735354064757,05,NA
NA,2013,Preu_Lloguer,659.2457085978835,06,NA
NA,2013,Preu_Lloguer,566.5108780222695,07,NA
NA,2013,Preu_Lloguer,513.8204509114167,08,NA
NA,2013,Preu_Lloguer,578.501785001641,09,NA
NA,2013,Preu_Lloguer,637.3891632775367,10,NA
NA,2014,Preu_Lloguer,639.109763053744,01,NA
NA,2014,Preu_Lloguer,776.912531880109,02,NA
NA,2014,Preu_Lloguer,598.4327103760305,03,NA
NA,2014,Preu_Lloguer,853.0015559168443,04,NA
NA,2014,Preu_Lloguer,978.0216076403448,05,NA
NA,2014,Preu_Lloguer,673.86201340388,06,NA
NA,2014,Preu_Lloguer,563.7646912778366,07,NA
NA,2014,Preu_Lloguer,499.3110613687241,08,NA
NA,2014,Preu_Lloguer,575.1606003281917,09,NA
NA,2014,Preu_Lloguer,640.8130373630916,10,NA
NA,2015,Preu_Lloguer,675.7432,01,NA
NA,2015,Preu_Lloguer,831.4381,02,NA
NA,2015,Preu_Lloguer,624.5228,03,NA
NA,2015,Preu_Lloguer,925.4458,04,NA
NA,2015,Preu_Lloguer,1051.2329,05,NA
NA,2015,Preu_Lloguer,721.6543,06,NA
NA,2015,Preu_Lloguer,586.8461,07,NA
NA,2015,Preu_Lloguer,518.7996,08,NA
NA,2015,Preu_Lloguer,610.9954,09,NA
NA,2015,Preu_Lloguer,700.5647,10,NA
NA,2016,Preu_Lloguer,739.232259143622,01,NA
NA,2016,Preu_Lloguer,917.2738015844863,02,NA
NA,2016,Preu_Lloguer,678.780231038506,03,NA
NA,2016,Preu_Lloguer,985.9395993502976,04,NA
NA,2016,Preu_Lloguer,1144.71470659849,05,NA
NA,2016,Preu_Lloguer,787.8632526549762,06,NA
NA,2016,Preu_Lloguer,640.1547948577677,07,NA
NA,2016,Preu_Lloguer,561.069426111908,08,NA
NA,2016,Preu_Lloguer,644.9080122699382,09,NA
NA,2016,Preu_Lloguer,771.4093791574273,10,NA
NA,2017,Preu_Lloguer,828.7861342174,01,NA
NA,2017,Preu_Lloguer,990.7334956105342,02,NA
NA,2017,Preu_Lloguer,763.1678843813386,03,NA
NA,2017,Preu_Lloguer,1052.2979962458937,04,NA
NA,2017,Preu_Lloguer,1227.8929051126524,05,NA
NA,2017,Preu_Lloguer,856.4197979797984,06,NA
NA,2017,Preu_Lloguer,706.6259842707337,07,NA
NA,2017,Preu_Lloguer,625.5069294342021,08,NA
NA,2017,Preu_Lloguer,705.6614185110658,09,NA
NA,2017,Preu_Lloguer,842.3285327973693,10,NA
NA,2018,Preu_Lloguer,914.0412850010855,01,NA
NA,2018,Preu_Lloguer,1038.379705550248,02,NA
NA,2018,Preu_Lloguer,803.7375108337669,03,NA
NA,2018,Preu_Lloguer,1089.526003394145,04,NA
NA,2018,Preu_Lloguer,1268.915012252592,05,NA
NA,2018,Preu_Lloguer,904.5256330204938,06,NA
NA,2018,Preu_Lloguer,746.1606716914212,07,NA
NA,2018,Preu_Lloguer,674.5904616724739,08,NA
NA,2018,Preu_Lloguer,762.7112328767122,09,NA
NA,2018,Preu_Lloguer,884.5073144580326,10,NA
NA,2019,Preu_Lloguer,945.5301408450696,01,NA
NA,2019,Preu_Lloguer,1093.697829725304,02,NA
NA,2019,Preu_Lloguer,841.4944746932506,03,NA
NA,2019,Preu_Lloguer,1156.9513347826082,04,NA
NA,2019,Preu_Lloguer,1316.5656202058005,05,NA
NA,2019,Preu_Lloguer,957.7335962330787,06,NA
NA,2019,Preu_Lloguer,794.8831301369866,07,NA
NA,2019,Preu_Lloguer,704.5164616340483,08,NA
NA,2019,Preu_Lloguer,796.3112790306284,09,NA
NA,2019,Preu_Lloguer,941.7123886073732,10,NA
NA,2020,Preu_Lloguer,913.6647140381283,01,NA
NA,2020,Preu_Lloguer,1075.436848506317,02,NA
NA,2020,Preu_Lloguer,846.8780754627431,03,NA
NA,2020,Preu_Lloguer,1112.4963789359394,04,NA
NA,2020,Preu_Lloguer,1305.726905972656,05,NA
NA,2020,Preu_Lloguer,950.3625096326737,06,NA
NA,2020,Preu_Lloguer,799.3172789931078,07,NA
NA,2020,Preu_Lloguer,705.5058051846033,08,NA
NA,2020,Preu_Lloguer,797.8238361190375,09,NA
NA,2020,Preu_Lloguer,929.9076919822304,10,NA
NA,2021,Preu_Lloguer,846.4039719136446,01,NA
NA,2021,Preu_Lloguer,1007.5749322194198,02,NA
NA,2021,Preu_Lloguer,799.6923035045937,03,NA
NA,2021,Preu_Lloguer,1054.1371233943169,04,NA
NA,2021,Preu_Lloguer,1246.3959893507385,05,NA
NA,2021,Preu_Lloguer,896.3547867298579,06,NA
NA,2021,Preu_Lloguer,768.8212979286023,07,NA
NA,2021,Preu_Lloguer,684.4899746835442,08,NA
NA,2021,Preu_Lloguer,764.0699555292018,09,NA
NA,2021,Preu_Lloguer,888.3388604126375,10,NA
NA,2022,Preu_Lloguer,1008.3509575543202,01,NA
NA,2022,Preu_Lloguer,1140.424348305596,02,NA
NA,2022,Preu_Lloguer,916.8617730769216,03,NA
NA,2022,Preu_Lloguer,1185.7084013127048,04,NA
NA,2022,Preu_Lloguer,1384.0601654591735,05,NA
NA,2022,Preu_Lloguer,999.7711018381566,06,NA
NA,2022,Preu_Lloguer,819.7131257752417,07,NA
NA,2022,Preu_Lloguer,730.3625323859886,08,NA
NA,2022,Preu_Lloguer,829.3844072429104,09,NA
NA,2022,Preu_Lloguer,1000.1564286989139,10,NA
NA,2023,Preu_Lloguer,1079.0063846945775,01,NA
NA,2023,Preu_Lloguer,1274.9622589332625,02,NA
NA,2023,Preu_Lloguer,1032.2043086574643,03,NA
NA,2023,Preu_Lloguer,1294.1995451788964,04,NA
NA,2023,Preu_Lloguer,1550.7881635285014,05,NA
NA,2023,Preu_Lloguer,1117.9604766913012,06,NA
NA,2023,Preu_Lloguer,915.8997254423433,07,NA
NA,2023,Preu_Lloguer,796.807494772062,08,NA
NA,2023,Preu_Lloguer,910.3581414350892,09,NA
NA,2023,Preu_Lloguer,1101.7520097244724,10,NA
NA,2013,Preu_Lloguer,571.8241,NA,01
NA,2013,Preu_Lloguer,715.559,NA,02
NA,2013,Preu_Lloguer,559.5539,NA,03
NA,2013,Preu_Lloguer,659.1596,NA,04
NA,2013,Preu_Lloguer,718.312,NA,05
NA,2013,Preu_Lloguer,664.2997,NA,06
NA,2013,Preu_Lloguer,913.8097,NA,07
NA,2013,Preu_Lloguer,817.9463,NA,08
NA,2013,Preu_Lloguer,730.0981,NA,09
NA,2013,Preu_Lloguer,710.3541,NA,10
NA,2013,Preu_Lloguer,581.3248,NA,11
NA,2013,Preu_Lloguer,404.7119,NA,12
NA,2013,Preu_Lloguer,560.9975,NA,13
NA,2013,Preu_Lloguer,662.8855,NA,14
NA,2013,Preu_Lloguer,579.7948,NA,15
NA,2013,Preu_Lloguer,618.5649,NA,16
NA,2013,Preu_Lloguer,599.0447,NA,17
NA,2013,Preu_Lloguer,617.907,NA,18
NA,2013,Preu_Lloguer,787.8887,NA,19
NA,2013,Preu_Lloguer,718.0376,NA,20
NA,2013,Preu_Lloguer,1362.896,NA,21
NA,2013,Preu_Lloguer,925.6,NA,22
NA,2013,Preu_Lloguer,974.8907,NA,23
NA,2013,Preu_Lloguer,1260.268,NA,24
NA,2013,Preu_Lloguer,915.4488,NA,25
NA,2013,Preu_Lloguer,1009.898,NA,26
NA,2013,Preu_Lloguer,729.8574,NA,27
NA,2013,Preu_Lloguer,660.7513,NA,28
NA,2013,Preu_Lloguer,557.1014,NA,29
NA,2013,Preu_Lloguer,578.2491,NA,30
NA,2013,Preu_Lloguer,673.3238,NA,31
NA,2013,Preu_Lloguer,667.467,NA,32
NA,2013,Preu_Lloguer,614.7963,NA,33
NA,2013,Preu_Lloguer,538.085,NA,34
NA,2013,Preu_Lloguer,582.919,NA,35
NA,2013,Preu_Lloguer,680.1056,NA,36
NA,2013,Preu_Lloguer,492.6682,NA,37
NA,2013,Preu_Lloguer,503.7387,NA,38
NA,2013,Preu_Lloguer,543.4619,NA,39
NA,2013,Preu_Lloguer,575.8688,NA,40
NA,2013,Preu_Lloguer,704.384,NA,41
NA,2013,Preu_Lloguer,480,NA,42
NA,2013,Preu_Lloguer,584.1288,NA,43
NA,2013,Preu_Lloguer,577.0111,NA,44
NA,2013,Preu_Lloguer,548.9249,NA,45
NA,2013,Preu_Lloguer,480.8085,NA,46
NA,2013,Preu_Lloguer,324.8188,NA,47
NA,2013,Preu_Lloguer,620.3478,NA,48
NA,2013,Preu_Lloguer,587.2574,NA,49
NA,2013,Preu_Lloguer,451.247,NA,50
NA,2013,Preu_Lloguer,507.6199,NA,51
NA,2013,Preu_Lloguer,518.7834,NA,52
NA,2013,Preu_Lloguer,437.5041,NA,53
NA,2013,Preu_Lloguer,396.0429,NA,54
NA,2013,Preu_Lloguer,403.4893,NA,55
NA,2013,Preu_Lloguer,281.70875,NA,56
NA,2013,Preu_Lloguer,457.7763,NA,57
NA,2013,Preu_Lloguer,244.0253,NA,58
NA,2013,Preu_Lloguer,505.959,NA,59
NA,2013,Preu_Lloguer,576.7066,NA,60
NA,2013,Preu_Lloguer,643.4456,NA,61
NA,2013,Preu_Lloguer,584.9377,NA,62
NA,2013,Preu_Lloguer,630.4668,NA,63
NA,2013,Preu_Lloguer,609.3648,NA,64
NA,2013,Preu_Lloguer,624.2076,NA,65
NA,2013,Preu_Lloguer,687.8676,NA,66
NA,2013,Preu_Lloguer,926.7103,NA,67
NA,2013,Preu_Lloguer,670.4424,NA,68
NA,2013,Preu_Lloguer,914.0982,NA,69
NA,2013,Preu_Lloguer,510.7991,NA,70
NA,2013,Preu_Lloguer,594.3216,NA,71
NA,2013,Preu_Lloguer,638.087,NA,72
NA,2013,Preu_Lloguer,576.1651,NA,73
NA,2014,Preu_Lloguer,577.852836386608,NA,01
NA,2014,Preu_Lloguer,749.990873015873,NA,02
NA,2014,Preu_Lloguer,563.082173144876,NA,03
NA,2014,Preu_Lloguer,685.142800407332,NA,04
NA,2014,Preu_Lloguer,723.328648351649,NA,05
NA,2014,Preu_Lloguer,680.680602327173,NA,06
NA,2014,Preu_Lloguer,945.882363636363,NA,07
NA,2014,Preu_Lloguer,843.857032218092,NA,08
NA,2014,Preu_Lloguer,732.134325529543,NA,09
NA,2014,Preu_Lloguer,711.369570815451,NA,10
NA,2014,Preu_Lloguer,582.600369702434,NA,11
NA,2014,Preu_Lloguer,404.7119,NA,12
NA,2014,Preu_Lloguer,527.279183673469,NA,13
NA,2014,Preu_Lloguer,644.641064638783,NA,14
NA,2014,Preu_Lloguer,593.906441717791,NA,15
NA,2014,Preu_Lloguer,611.369112903226,NA,16
NA,2014,Preu_Lloguer,597.282282282282,NA,17
NA,2014,Preu_Lloguer,624.117634146342,NA,18
NA,2014,Preu_Lloguer,782.884777887463,NA,19
NA,2014,Preu_Lloguer,760.257964071856,NA,20
NA,2014,Preu_Lloguer,1473.83386934673,NA,21
NA,2014,Preu_Lloguer,1134.25113636364,NA,22
NA,2014,Preu_Lloguer,1041.15207364341,NA,23
NA,2014,Preu_Lloguer,1323.88802588997,NA,24
NA,2014,Preu_Lloguer,942.559185520362,NA,25
NA,2014,Preu_Lloguer,1047.42055223881,NA,26
NA,2014,Preu_Lloguer,760.345245202559,NA,27
NA,2014,Preu_Lloguer,665.480329949239,NA,28
NA,2014,Preu_Lloguer,555.869137931035,NA,29
NA,2014,Preu_Lloguer,668.505691318328,NA,30
NA,2014,Preu_Lloguer,681.712329136691,NA,31
NA,2014,Preu_Lloguer,683.324930629669,NA,32
NA,2014,Preu_Lloguer,620.974409317804,NA,33
NA,2014,Preu_Lloguer,542.719718309859,NA,34
NA,2014,Preu_Lloguer,581.393736383442,NA,35
NA,2014,Preu_Lloguer,712.414408602151,NA,36
NA,2014,Preu_Lloguer,494.997425431711,NA,37
NA,2014,Preu_Lloguer,486.438595041322,NA,38
NA,2014,Preu_Lloguer,553.888235294118,NA,39
NA,2014,Preu_Lloguer,552.54,NA,40
NA,2014,Preu_Lloguer,699.387755102041,NA,41
NA,2014,Preu_Lloguer,480,NA,42
NA,2014,Preu_Lloguer,567.243333333333,NA,43
NA,2014,Preu_Lloguer,568.233004484305,NA,44
NA,2014,Preu_Lloguer,529.546084452975,NA,45
NA,2014,Preu_Lloguer,473.157293729373,NA,46
NA,2014,Preu_Lloguer,221.134545454545,NA,47
NA,2014,Preu_Lloguer,614.563839662447,NA,48
NA,2014,Preu_Lloguer,536.410256410256,NA,49
NA,2014,Preu_Lloguer,450.759080882353,NA,50
NA,2014,Preu_Lloguer,487.877155172414,NA,51
NA,2014,Preu_Lloguer,504.856374745418,NA,52
NA,2014,Preu_Lloguer,434.422822580645,NA,53
NA,2014,Preu_Lloguer,334.4575,NA,54
NA,2014,Preu_Lloguer,372.846369863014,NA,55
NA,2014,Preu_Lloguer,281.70875,NA,56
NA,2014,Preu_Lloguer,422.90843373494,NA,57
NA,2014,Preu_Lloguer,241.146071428571,NA,58
NA,2014,Preu_Lloguer,496.581635220126,NA,59
NA,2014,Preu_Lloguer,576.596156069364,NA,60
NA,2014,Preu_Lloguer,607.036618122977,NA,61
NA,2014,Preu_Lloguer,583.67161971831,NA,62
NA,2014,Preu_Lloguer,623.783793103448,NA,63
NA,2014,Preu_Lloguer,598.818432483475,NA,64
NA,2014,Preu_Lloguer,624.844406196214,NA,65
NA,2014,Preu_Lloguer,693.717672131148,NA,66
NA,2014,Preu_Lloguer,1003.23790849673,NA,67
NA,2014,Preu_Lloguer,654.347887323944,NA,68
NA,2014,Preu_Lloguer,892.033406593406,NA,69
NA,2014,Preu_Lloguer,477.059798270893,NA,70
NA,2014,Preu_Lloguer,639.552655737705,NA,71
NA,2014,Preu_Lloguer,633.775110497238,NA,72
NA,2014,Preu_Lloguer,565.467476340694,NA,73
NA,2015,Preu_Lloguer,625.8214,NA,01
NA,2015,Preu_Lloguer,786.0439,NA,02
NA,2015,Preu_Lloguer,602.619,NA,03
NA,2015,Preu_Lloguer,723.4489,NA,04
NA,2015,Preu_Lloguer,768.1235,NA,05
NA,2015,Preu_Lloguer,713.1482,NA,06
NA,2015,Preu_Lloguer,1012.5102,NA,07
NA,2015,Preu_Lloguer,911.1438,NA,08
NA,2015,Preu_Lloguer,783.8356,NA,09
NA,2015,Preu_Lloguer,765.609,NA,10
NA,2015,Preu_Lloguer,612.1455,NA,11
NA,2015,Preu_Lloguer,404.7119,NA,12
NA,2015,Preu_Lloguer,542.2658,NA,13
NA,2015,Preu_Lloguer,695.1985,NA,14
NA,2015,Preu_Lloguer,624.6484,NA,15
NA,2015,Preu_Lloguer,638.4582,NA,16
NA,2015,Preu_Lloguer,626.5668,NA,17
NA,2015,Preu_Lloguer,653.3033,NA,18
NA,2015,Preu_Lloguer,856.3435,NA,19
NA,2015,Preu_Lloguer,756.616,NA,20
NA,2015,Preu_Lloguer,1729.9507,NA,21
NA,2015,Preu_Lloguer,1006.5333,NA,22
NA,2015,Preu_Lloguer,1109.6624,NA,23
NA,2015,Preu_Lloguer,1385.0352,NA,24
NA,2015,Preu_Lloguer,1046.4413,NA,25
NA,2015,Preu_Lloguer,1156.2648,NA,26
NA,2015,Preu_Lloguer,799.6912,NA,27
NA,2015,Preu_Lloguer,735.7593,NA,28
NA,2015,Preu_Lloguer,557.0031,NA,29
NA,2015,Preu_Lloguer,705.2071,NA,30
NA,2015,Preu_Lloguer,733.1205,NA,31
NA,2015,Preu_Lloguer,725.4017,NA,32
NA,2015,Preu_Lloguer,642.6368,NA,33
NA,2015,Preu_Lloguer,553.9651,NA,34
NA,2015,Preu_Lloguer,612.8952,NA,35
NA,2015,Preu_Lloguer,723.5364,NA,36
NA,2015,Preu_Lloguer,510.9756,NA,37
NA,2015,Preu_Lloguer,519.6792,NA,38
NA,2015,Preu_Lloguer,551.1986,NA,39
NA,2015,Preu_Lloguer,630.3692,NA,40
NA,2015,Preu_Lloguer,696.2903,NA,41
NA,2015,Preu_Lloguer,350.2508,NA,42
NA,2015,Preu_Lloguer,579.8995,NA,43
NA,2015,Preu_Lloguer,586.6255,NA,44
NA,2015,Preu_Lloguer,555.0417,NA,45
NA,2015,Preu_Lloguer,504.3443,NA,46
NA,2015,Preu_Lloguer,211.3545,NA,47
NA,2015,Preu_Lloguer,562.8057,NA,48
NA,2015,Preu_Lloguer,563.9629,NA,49
NA,2015,Preu_Lloguer,463.7288,NA,50
NA,2015,Preu_Lloguer,470.3987,NA,51
NA,2015,Preu_Lloguer,530.2575,NA,52
NA,2015,Preu_Lloguer,448.318,NA,53
NA,2015,Preu_Lloguer,404.92380000000003,NA,54
NA,2015,Preu_Lloguer,396.4313,NA,55
NA,2015,Preu_Lloguer,415.0842,NA,56
NA,2015,Preu_Lloguer,441.4759,NA,57
NA,2015,Preu_Lloguer,287.3904,NA,58
NA,2015,Preu_Lloguer,537.285,NA,59
NA,2015,Preu_Lloguer,613.3408,NA,60
NA,2015,Preu_Lloguer,636.6046,NA,61
NA,2015,Preu_Lloguer,610.9423,NA,62
NA,2015,Preu_Lloguer,672.0169,NA,63
NA,2015,Preu_Lloguer,644.0061,NA,64
NA,2015,Preu_Lloguer,651.5979,NA,65
NA,2015,Preu_Lloguer,748.8468,NA,66
NA,2015,Preu_Lloguer,1104.4784,NA,67
NA,2015,Preu_Lloguer,735.0407,NA,68
NA,2015,Preu_Lloguer,1059.7525,NA,69
NA,2015,Preu_Lloguer,506.7127,NA,70
NA,2015,Preu_Lloguer,661.3788,NA,71
NA,2015,Preu_Lloguer,673.9204,NA,72
NA,2015,Preu_Lloguer,610.7191,NA,73
NA,2016,Preu_Lloguer,667.0037911136756,NA,01
NA,2016,Preu_Lloguer,868.9481910828026,NA,02
NA,2016,Preu_Lloguer,667.3402661596958,NA,03
NA,2016,Preu_Lloguer,807.2592013593882,NA,04
NA,2016,Preu_Lloguer,823.4505402298848,NA,05
NA,2016,Preu_Lloguer,775.9909360269362,NA,06
NA,2016,Preu_Lloguer,1138.075176908752,NA,07
NA,2016,Preu_Lloguer,979.2042030769228,NA,08
NA,2016,Preu_Lloguer,870.4811947904872,NA,09
NA,2016,Preu_Lloguer,842.4730000000003,NA,10
NA,2016,Preu_Lloguer,669.5252086956522,NA,11
NA,2016,Preu_Lloguer,356.56300000000005,NA,12
NA,2016,Preu_Lloguer,544.3789210526317,NA,13
NA,2016,Preu_Lloguer,737.152927756654,NA,14
NA,2016,Preu_Lloguer,687.851632183908,NA,15
NA,2016,Preu_Lloguer,678.8623880597015,NA,16
NA,2016,Preu_Lloguer,691.1666995073892,NA,17
NA,2016,Preu_Lloguer,711.3225299145298,NA,18
NA,2016,Preu_Lloguer,939.096375112714,NA,19
NA,2016,Preu_Lloguer,847.8822586520948,NA,20
NA,2016,Preu_Lloguer,1661.8264550264548,NA,21
NA,2016,Preu_Lloguer,1153.3807575757576,NA,22
NA,2016,Preu_Lloguer,1187.492393162393,NA,23
NA,2016,Preu_Lloguer,1515.0027272727273,NA,24
NA,2016,Preu_Lloguer,1125.3205777166438,NA,25
NA,2016,Preu_Lloguer,1241.816989247312,NA,26
NA,2016,Preu_Lloguer,876.6369123505975,NA,27
NA,2016,Preu_Lloguer,787.701525054466,NA,28
NA,2016,Preu_Lloguer,620.0309090909091,NA,29
NA,2016,Preu_Lloguer,773.4388999999999,NA,30
NA,2016,Preu_Lloguer,799.635445002282,NA,31
NA,2016,Preu_Lloguer,803.4930897009968,NA,32
NA,2016,Preu_Lloguer,701.993579638752,NA,33
NA,2016,Preu_Lloguer,636.7536231884058,NA,34
NA,2016,Preu_Lloguer,666.4422272215974,NA,35
NA,2016,Preu_Lloguer,717.4112195121951,NA,36
NA,2016,Preu_Lloguer,554.9463784665579,NA,37
NA,2016,Preu_Lloguer,578.6259163987138,NA,38
NA,2016,Preu_Lloguer,609.3003048780488,NA,39
NA,2016,Preu_Lloguer,644.2553191489362,NA,40
NA,2016,Preu_Lloguer,767.3642857142858,NA,41
NA,2016,Preu_Lloguer,538.748,NA,42
NA,2016,Preu_Lloguer,630.6075445544554,NA,43
NA,2016,Preu_Lloguer,638.5304888888888,NA,44
NA,2016,Preu_Lloguer,603.5893047034766,NA,45
NA,2016,Preu_Lloguer,552.1874666666669,NA,46
NA,2016,Preu_Lloguer,253.10333333333335,NA,47
NA,2016,Preu_Lloguer,623.3563485477179,NA,48
NA,2016,Preu_Lloguer,625.6126315789475,NA,49
NA,2016,Preu_Lloguer,489.54537878787875,NA,50
NA,2016,Preu_Lloguer,533.3325862068965,NA,51
NA,2016,Preu_Lloguer,562.3038266384777,NA,52
NA,2016,Preu_Lloguer,431.1033620689655,NA,53
NA,2016,Preu_Lloguer,412.60137931034484,NA,54
NA,2016,Preu_Lloguer,402.6346721311476,NA,55
NA,2016,Preu_Lloguer,469.73125,NA,56
NA,2016,Preu_Lloguer,479.2873456790124,NA,57
NA,2016,Preu_Lloguer,216.4122222222222,NA,58
NA,2016,Preu_Lloguer,540.4094339622642,NA,59
NA,2016,Preu_Lloguer,658.6002393340273,NA,60
NA,2016,Preu_Lloguer,665.5900560747662,NA,61
NA,2016,Preu_Lloguer,649.666075949367,NA,62
NA,2016,Preu_Lloguer,714.0982573726542,NA,63
NA,2016,Preu_Lloguer,697.9856769825918,NA,64
NA,2016,Preu_Lloguer,695.5451047619048,NA,65
NA,2016,Preu_Lloguer,823.6015210355987,NA,66
NA,2016,Preu_Lloguer,1184.0436994219654,NA,67
NA,2016,Preu_Lloguer,794.1109177592375,NA,68
NA,2016,Preu_Lloguer,1124.8032640949552,NA,69
NA,2016,Preu_Lloguer,541.2450199203189,NA,70
NA,2016,Preu_Lloguer,839.8025414364641,NA,71
NA,2016,Preu_Lloguer,700.7487533156498,NA,72
NA,2016,Preu_Lloguer,605.5592079207921,NA,73
NA,2017,Preu_Lloguer,748.5794857713432,NA,01
NA,2017,Preu_Lloguer,973.2701608910888,NA,02
NA,2017,Preu_Lloguer,745.8147141190196,NA,03
NA,2017,Preu_Lloguer,916.6526967150497,NA,04
NA,2017,Preu_Lloguer,900.4181973434534,NA,05
NA,2017,Preu_Lloguer,876.2485022779041,NA,06
NA,2017,Preu_Lloguer,1195.2261892036352,NA,07
NA,2017,Preu_Lloguer,1060.0282417012447,NA,08
NA,2017,Preu_Lloguer,943.2298594961243,NA,09
NA,2017,Preu_Lloguer,900.4813693560321,NA,10
NA,2017,Preu_Lloguer,749.5214781172582,NA,11
NA,2017,Preu_Lloguer,346.7572046579949,NA,12
NA,2017,Preu_Lloguer,691.4249253731344,NA,13
NA,2017,Preu_Lloguer,811.0759566787003,NA,14
NA,2017,Preu_Lloguer,747.0873144876325,NA,15
NA,2017,Preu_Lloguer,789.9802619047618,NA,16
NA,2017,Preu_Lloguer,759.1847004608296,NA,17
NA,2017,Preu_Lloguer,787.2279699785558,NA,18
NA,2017,Preu_Lloguer,1002.4704913076343,NA,19
NA,2017,Preu_Lloguer,925.1559150326804,NA,20
NA,2017,Preu_Lloguer,1785.6283163265305,NA,21
NA,2017,Preu_Lloguer,1220,NA,22
NA,2017,Preu_Lloguer,1353.8591189427311,NA,23
NA,2017,Preu_Lloguer,1634.1225595238093,NA,24
NA,2017,Preu_Lloguer,1236.677356608479,NA,25
NA,2017,Preu_Lloguer,1311.4671764705888,NA,26
NA,2017,Preu_Lloguer,930.1923121869783,NA,27
NA,2017,Preu_Lloguer,910.9271920289851,NA,28
NA,2017,Preu_Lloguer,724.9399481865283,NA,29
NA,2017,Preu_Lloguer,799.9669950738916,NA,30
NA,2017,Preu_Lloguer,860.6267237354089,NA,31
NA,2017,Preu_Lloguer,864.0654915854738,NA,32
NA,2017,Preu_Lloguer,770.9424798927615,NA,33
NA,2017,Preu_Lloguer,686.9587732342007,NA,34
NA,2017,Preu_Lloguer,736.9106409048068,NA,35
NA,2017,Preu_Lloguer,817.1015625,NA,36
NA,2017,Preu_Lloguer,603.3393286713288,NA,37
NA,2017,Preu_Lloguer,648.898172757475,NA,38
NA,2017,Preu_Lloguer,674.6676470588235,NA,39
NA,2017,Preu_Lloguer,724.7663829787234,NA,40
NA,2017,Preu_Lloguer,828.9615789473685,NA,41
NA,2017,Preu_Lloguer,651.25,NA,42
NA,2017,Preu_Lloguer,698.3742783505154,NA,43
NA,2017,Preu_Lloguer,714.8333162393161,NA,44
NA,2017,Preu_Lloguer,662.0441292639138,NA,45
NA,2017,Preu_Lloguer,615.500429799427,NA,46
NA,2017,Preu_Lloguer,417.8442857142857,NA,47
NA,2017,Preu_Lloguer,650.0528919860628,NA,48
NA,2017,Preu_Lloguer,680.563829787234,NA,49
NA,2017,Preu_Lloguer,533.3856842105263,NA,50
NA,2017,Preu_Lloguer,591.6595020746888,NA,51
NA,2017,Preu_Lloguer,628.1126488706366,NA,52
NA,2017,Preu_Lloguer,541.4829752066115,NA,53
NA,2017,Preu_Lloguer,425.638,NA,54
NA,2017,Preu_Lloguer,435.3569291338583,NA,55
NA,2017,Preu_Lloguer,476.43437500000005,NA,56
NA,2017,Preu_Lloguer,497.5959770114944,NA,57
NA,2017,Preu_Lloguer,458.3736363636363,NA,58
NA,2017,Preu_Lloguer,627.4538922155689,NA,59
NA,2017,Preu_Lloguer,733.9369982238011,NA,60
NA,2017,Preu_Lloguer,667.5553662182359,NA,61
NA,2017,Preu_Lloguer,730.8398705501619,NA,62
NA,2017,Preu_Lloguer,777.6361596958175,NA,63
NA,2017,Preu_Lloguer,778.1369168684422,NA,64
NA,2017,Preu_Lloguer,767.508199404762,NA,65
NA,2017,Preu_Lloguer,893.671902173913,NA,66
NA,2017,Preu_Lloguer,1259.7033333333334,NA,67
NA,2017,Preu_Lloguer,900.2204110996917,NA,68
NA,2017,Preu_Lloguer,1092.0629695431467,NA,69
NA,2017,Preu_Lloguer,613.031242937853,NA,70
NA,2017,Preu_Lloguer,932.0159016393445,NA,71
NA,2017,Preu_Lloguer,765.2230616740088,NA,72
NA,2017,Preu_Lloguer,688.6279624664879,NA,73
NA,2018,Preu_Lloguer,821.8404327424402,NA,01
NA,2018,Preu_Lloguer,1024.783774560496,NA,02
NA,2018,Preu_Lloguer,899.3690120481928,NA,03
NA,2018,Preu_Lloguer,972.0690130068859,NA,04
NA,2018,Preu_Lloguer,950.3247858942066,NA,05
NA,2018,Preu_Lloguer,909.5861038961041,NA,06
NA,2018,Preu_Lloguer,1254.5860126582277,NA,07
NA,2018,Preu_Lloguer,1113.076788321168,NA,08
NA,2018,Preu_Lloguer,987.6463227953407,NA,09
NA,2018,Preu_Lloguer,934.3432605820105,NA,10
NA,2018,Preu_Lloguer,801.8129435757988,NA,11
NA,2018,Preu_Lloguer,357.1860344626104,NA,12
NA,2018,Preu_Lloguer,751.0589416846655,NA,13
NA,2018,Preu_Lloguer,839.7083835616438,NA,14
NA,2018,Preu_Lloguer,796.2705108359133,NA,15
NA,2018,Preu_Lloguer,801.4443111111111,NA,16
NA,2018,Preu_Lloguer,784.544033290653,NA,17
NA,2018,Preu_Lloguer,826.1769999999999,NA,18
NA,2018,Preu_Lloguer,1039.6122144846795,NA,19
NA,2018,Preu_Lloguer,973.5521075581397,NA,20
NA,2018,Preu_Lloguer,1739.5957081545064,NA,21
NA,2018,Preu_Lloguer,937.5477083333334,NA,22
NA,2018,Preu_Lloguer,1368.5079802955668,NA,23
NA,2018,Preu_Lloguer,1599.891401425178,NA,24
NA,2018,Preu_Lloguer,1285.6142133620692,NA,25
NA,2018,Preu_Lloguer,1347.8393900391716,NA,26
NA,2018,Preu_Lloguer,995.3749563838225,NA,27
NA,2018,Preu_Lloguer,925.0180960854091,NA,28
NA,2018,Preu_Lloguer,740.3634529147981,NA,29
NA,2018,Preu_Lloguer,877.2979040404043,NA,30
NA,2018,Preu_Lloguer,915.8818577810869,NA,31
NA,2018,Preu_Lloguer,908.8894008875736,NA,32
NA,2018,Preu_Lloguer,828.8038007380073,NA,33
NA,2018,Preu_Lloguer,738.1170526315789,NA,34
NA,2018,Preu_Lloguer,771.4824349442379,NA,35
NA,2018,Preu_Lloguer,828.2833333333334,NA,36
NA,2018,Preu_Lloguer,644.3398963730571,NA,37
NA,2018,Preu_Lloguer,701.6875254237287,NA,38
NA,2018,Preu_Lloguer,656.1283720930232,NA,39
NA,2018,Preu_Lloguer,737.8311688311688,NA,40
NA,2018,Preu_Lloguer,859.76,NA,41
NA,2018,Preu_Lloguer,500.42285714285714,NA,42
NA,2018,Preu_Lloguer,747.3241167434716,NA,43
NA,2018,Preu_Lloguer,744.077525083612,NA,44
NA,2018,Preu_Lloguer,706.2543740573153,NA,45
NA,2018,Preu_Lloguer,676.5674210526315,NA,46
NA,2018,Preu_Lloguer,439.6328571428571,NA,47
NA,2018,Preu_Lloguer,714.8649562682215,NA,48
NA,2018,Preu_Lloguer,716.5523529411764,NA,49
NA,2018,Preu_Lloguer,602.0825925925925,NA,50
NA,2018,Preu_Lloguer,630.639006849315,NA,51
NA,2018,Preu_Lloguer,665.5909786476868,NA,52
NA,2018,Preu_Lloguer,580.84608,NA,53
NA,2018,Preu_Lloguer,512.4880952380952,NA,54
NA,2018,Preu_Lloguer,506.4366197183099,NA,55
NA,2018,Preu_Lloguer,613.8571428571429,NA,56
NA,2018,Preu_Lloguer,586.476264367816,NA,57
NA,2018,Preu_Lloguer,621.0125,NA,58
NA,2018,Preu_Lloguer,682.8121081081081,NA,59
NA,2018,Preu_Lloguer,764.8271845425868,NA,60
NA,2018,Preu_Lloguer,780.8934322033904,NA,61
NA,2018,Preu_Lloguer,774.3822888283379,NA,62
NA,2018,Preu_Lloguer,813.2279218472469,NA,63
NA,2018,Preu_Lloguer,818.6601072961375,NA,64
NA,2018,Preu_Lloguer,808.9029444444441,NA,65
NA,2018,Preu_Lloguer,995.2195843520781,NA,66
NA,2018,Preu_Lloguer,1284.4290624999999,NA,67
NA,2018,Preu_Lloguer,961.7319869402987,NA,68
NA,2018,Preu_Lloguer,1085.343583535108,NA,69
NA,2018,Preu_Lloguer,685.5638038277511,NA,70
NA,2018,Preu_Lloguer,948.7964349775785,NA,71
NA,2018,Preu_Lloguer,792.6824279835391,NA,72
NA,2018,Preu_Lloguer,740.9246997389034,NA,73
NA,2019,Preu_Lloguer,850.1123431829961,NA,01
NA,2019,Preu_Lloguer,1097.2901235955055,NA,02
NA,2019,Preu_Lloguer,895.8970389610392,NA,03
NA,2019,Preu_Lloguer,996.3534925373137,NA,04
NA,2019,Preu_Lloguer,1012.4123601398601,NA,05
NA,2019,Preu_Lloguer,960.2126757713706,NA,06
NA,2019,Preu_Lloguer,1307.6168415984594,NA,07
NA,2019,Preu_Lloguer,1162.3216295594511,NA,08
NA,2019,Preu_Lloguer,1053.832392665474,NA,09
NA,2019,Preu_Lloguer,994.909158040028,NA,10
NA,2019,Preu_Lloguer,837.0538047655649,NA,11
NA,2019,Preu_Lloguer,374.34968253968265,NA,12
NA,2019,Preu_Lloguer,766.2527007299271,NA,13
NA,2019,Preu_Lloguer,865.9209999999999,NA,14
NA,2019,Preu_Lloguer,830.5591379310345,NA,15
NA,2019,Preu_Lloguer,851.2205569620254,NA,16
NA,2019,Preu_Lloguer,851.5844047619047,NA,17
NA,2019,Preu_Lloguer,877.7885151933701,NA,18
NA,2019,Preu_Lloguer,1097.2385437589671,NA,19
NA,2019,Preu_Lloguer,1009.2089093702002,NA,20
NA,2019,Preu_Lloguer,1860.558980392157,NA,21
NA,2019,Preu_Lloguer,1205.654935064935,NA,22
NA,2019,Preu_Lloguer,1375.1032360406089,NA,23
NA,2019,Preu_Lloguer,1657.0264460784313,NA,24
NA,2019,Preu_Lloguer,1304.3418229166668,NA,25
NA,2019,Preu_Lloguer,1397.2730045095827,NA,26
NA,2019,Preu_Lloguer,1086.4194394618835,NA,27
NA,2019,Preu_Lloguer,972.2207885304657,NA,28
NA,2019,Preu_Lloguer,801.9835046728972,NA,29
NA,2019,Preu_Lloguer,918.3093556701033,NA,30
NA,2019,Preu_Lloguer,962.9541871737514,NA,31
NA,2019,Preu_Lloguer,983.3577308917196,NA,32
NA,2019,Preu_Lloguer,882.0107850707849,NA,33
NA,2019,Preu_Lloguer,769.0615849056604,NA,34
NA,2019,Preu_Lloguer,819.047778801843,NA,35
NA,2019,Preu_Lloguer,885.6124489795919,NA,36
NA,2019,Preu_Lloguer,685.0980307262568,NA,37
NA,2019,Preu_Lloguer,738.8725605536332,NA,38
NA,2019,Preu_Lloguer,738.544,NA,39
NA,2019,Preu_Lloguer,793.9261016949151,NA,40
NA,2019,Preu_Lloguer,864.6468518518518,NA,41
NA,2019,Preu_Lloguer,666.1845454545455,NA,42
NA,2019,Preu_Lloguer,782.93826709062,NA,43
NA,2019,Preu_Lloguer,781.727345890411,NA,44
NA,2019,Preu_Lloguer,751.4205936920224,NA,45
NA,2019,Preu_Lloguer,697.2479749999998,NA,46
NA,2019,Preu_Lloguer,419.4271428571428,NA,47
NA,2019,Preu_Lloguer,744.155925925926,NA,48
NA,2019,Preu_Lloguer,752.0825490196079,NA,49
NA,2019,Preu_Lloguer,621.1709689922482,NA,50
NA,2019,Preu_Lloguer,663.3959233449476,NA,51
NA,2019,Preu_Lloguer,684.4005765765767,NA,52
NA,2019,Preu_Lloguer,606.733103448276,NA,53
NA,2019,Preu_Lloguer,471.76,NA,54
NA,2019,Preu_Lloguer,562.0823015873016,NA,55
NA,2019,Preu_Lloguer,581.9690909090909,NA,56
NA,2019,Preu_Lloguer,602.8755063291139,NA,57
NA,2019,Preu_Lloguer,486.20000000000005,NA,58
NA,2019,Preu_Lloguer,685.5717721518988,NA,59
NA,2019,Preu_Lloguer,805.2883028720626,NA,60
NA,2019,Preu_Lloguer,817.3483142857145,NA,61
NA,2019,Preu_Lloguer,793.4272256097561,NA,62
NA,2019,Preu_Lloguer,853.360618336887,NA,63
NA,2019,Preu_Lloguer,855.9956912442399,NA,64
NA,2019,Preu_Lloguer,856.5420833333334,NA,65
NA,2019,Preu_Lloguer,1014.724459770115,NA,66
NA,2019,Preu_Lloguer,1361.6516666666669,NA,67
NA,2019,Preu_Lloguer,1004.7234905660374,NA,68
NA,2019,Preu_Lloguer,1372.3819003115261,NA,69
NA,2019,Preu_Lloguer,738.0800470588234,NA,70
NA,2019,Preu_Lloguer,982.0265311004786,NA,71
NA,2019,Preu_Lloguer,837.5785438972164,NA,72
NA,2019,Preu_Lloguer,778.4109138381201,NA,73
NA,2020,Preu_Lloguer,833.8682276755284,NA,01
NA,2020,Preu_Lloguer,1035.7777123287672,NA,02
NA,2020,Preu_Lloguer,867.9498905109489,NA,03
NA,2020,Preu_Lloguer,954.4768415741675,NA,04
NA,2020,Preu_Lloguer,1003.1162582056892,NA,05
NA,2020,Preu_Lloguer,942.0899205298017,NA,06
NA,2020,Preu_Lloguer,1273.5032432432427,NA,07
NA,2020,Preu_Lloguer,1155.7804065040652,NA,08
NA,2020,Preu_Lloguer,1034.152890804598,NA,09
NA,2020,Preu_Lloguer,971.8816790352505,NA,10
NA,2020,Preu_Lloguer,827.4297740112992,NA,11
NA,2020,Preu_Lloguer,395.23889503246124,NA,12
NA,2020,Preu_Lloguer,787.0947003154574,NA,13
NA,2020,Preu_Lloguer,859.2797071129708,NA,14
NA,2020,Preu_Lloguer,852.2670880361171,NA,15
NA,2020,Preu_Lloguer,861.7976234567901,NA,16
NA,2020,Preu_Lloguer,845.3940350877194,NA,17
NA,2020,Preu_Lloguer,874.4671679197994,NA,18
NA,2020,Preu_Lloguer,1060.712106210621,NA,19
NA,2020,Preu_Lloguer,992.691261770245,NA,20
NA,2020,Preu_Lloguer,1718.2406,NA,21
NA,2020,Preu_Lloguer,1233.0746268656717,NA,22
NA,2020,Preu_Lloguer,1366.2416553323028,NA,23
NA,2020,Preu_Lloguer,1696.1170224719106,NA,24
NA,2020,Preu_Lloguer,1301.1297671033478,NA,25
NA,2020,Preu_Lloguer,1362.2751452870302,NA,26
NA,2020,Preu_Lloguer,1056.080999000999,NA,27
NA,2020,Preu_Lloguer,982.4902477477476,NA,28
NA,2020,Preu_Lloguer,809.2673456790124,NA,29
NA,2020,Preu_Lloguer,967.258708487085,NA,30
NA,2020,Preu_Lloguer,953.3785631629703,NA,31
NA,2020,Preu_Lloguer,953.0720550847457,NA,32
NA,2020,Preu_Lloguer,890.4953225806453,NA,33
NA,2020,Preu_Lloguer,787.7123000000001,NA,34
NA,2020,Preu_Lloguer,822.896467268623,NA,35
NA,2020,Preu_Lloguer,918.1501851851853,NA,36
NA,2020,Preu_Lloguer,687.0060595446586,NA,37
NA,2020,Preu_Lloguer,718.3846808510639,NA,38
NA,2020,Preu_Lloguer,730.9072222222222,NA,39
NA,2020,Preu_Lloguer,784.5560215053763,NA,40
NA,2020,Preu_Lloguer,890.0381578947367,NA,41
NA,2020,Preu_Lloguer,589.8444444444444,NA,42
NA,2020,Preu_Lloguer,785.0155244755244,NA,43
NA,2020,Preu_Lloguer,797.4521205357142,NA,44
NA,2020,Preu_Lloguer,724.2994567901235,NA,45
NA,2020,Preu_Lloguer,695.7022999999999,NA,46
NA,2020,Preu_Lloguer,365.56,NA,47
NA,2020,Preu_Lloguer,737.8933203125,NA,48
NA,2020,Preu_Lloguer,769.1727777777778,NA,49
NA,2020,Preu_Lloguer,638.8255203619909,NA,50
NA,2020,Preu_Lloguer,660.4336405529954,NA,51
NA,2020,Preu_Lloguer,700.878090909091,NA,52
NA,2020,Preu_Lloguer,586.5737804878049,NA,53
NA,2020,Preu_Lloguer,525.894375,NA,54
NA,2020,Preu_Lloguer,539.424347826087,NA,55
NA,2020,Preu_Lloguer,584.0644444444445,NA,56
NA,2020,Preu_Lloguer,639.6822388059701,NA,57
NA,2020,Preu_Lloguer,581.9007692307692,NA,58
NA,2020,Preu_Lloguer,726.6124137931035,NA,59
NA,2020,Preu_Lloguer,810.034897074756,NA,60
NA,2020,Preu_Lloguer,783.8934012219961,NA,61
NA,2020,Preu_Lloguer,804.9496212121212,NA,62
NA,2020,Preu_Lloguer,864.0718281938327,NA,63
NA,2020,Preu_Lloguer,862.8269728209937,NA,64
NA,2020,Preu_Lloguer,872.0920572450807,NA,65
NA,2020,Preu_Lloguer,974.3197377049181,NA,66
NA,2020,Preu_Lloguer,1376.593039215686,NA,67
NA,2020,Preu_Lloguer,1002.8200235571262,NA,68
NA,2020,Preu_Lloguer,1171.5740624999999,NA,69
NA,2020,Preu_Lloguer,752.3805396825396,NA,70
NA,2020,Preu_Lloguer,957.5181638418079,NA,71
NA,2020,Preu_Lloguer,832.0890330188679,NA,72
NA,2020,Preu_Lloguer,771.1526363636364,NA,73
NA,2021,Preu_Lloguer,768.7829455816278,NA,01
NA,2021,Preu_Lloguer,947.0674952380956,NA,02
NA,2021,Preu_Lloguer,827.0884806629833,NA,03
NA,2021,Preu_Lloguer,888.2700663716814,NA,04
NA,2021,Preu_Lloguer,941.7681258941335,NA,05
NA,2021,Preu_Lloguer,901.9817033707862,NA,06
NA,2021,Preu_Lloguer,1189.2243406830955,NA,07
NA,2021,Preu_Lloguer,1073.7339634399664,NA,08
NA,2021,Preu_Lloguer,963.1436906119347,NA,09
NA,2021,Preu_Lloguer,928.4860035005831,NA,10
NA,2021,Preu_Lloguer,780.1149600532623,NA,11
NA,2021,Preu_Lloguer,430.5857142857143,NA,12
NA,2021,Preu_Lloguer,743.1476059322038,NA,13
NA,2021,Preu_Lloguer,826.7082965299683,NA,14
NA,2021,Preu_Lloguer,789.782949526814,NA,15
NA,2021,Preu_Lloguer,832.3493124999999,NA,16
NA,2021,Preu_Lloguer,793.2803737259347,NA,17
NA,2021,Preu_Lloguer,828.9928995578014,NA,18
NA,2021,Preu_Lloguer,1015.0029608938551,NA,19
NA,2021,Preu_Lloguer,935.9274965612102,NA,20
NA,2021,Preu_Lloguer,1699.0874891774886,NA,21
NA,2021,Preu_Lloguer,1236.9584285714286,NA,22
NA,2021,Preu_Lloguer,1303.063928980527,NA,23
NA,2021,Preu_Lloguer,1544.1744110275688,NA,24
NA,2021,Preu_Lloguer,1216.9085770363104,NA,25
NA,2021,Preu_Lloguer,1355.477941912869,NA,26
NA,2021,Preu_Lloguer,1003.6275068306015,NA,27
NA,2021,Preu_Lloguer,941.4907431340872,NA,28
NA,2021,Preu_Lloguer,762.6033766233764,NA,29
NA,2021,Preu_Lloguer,888.4610426540281,NA,30
NA,2021,Preu_Lloguer,900.7734351914032,NA,31
NA,2021,Preu_Lloguer,892.0216055363321,NA,32
NA,2021,Preu_Lloguer,823.6011791907515,NA,33
NA,2021,Preu_Lloguer,756.3712635379062,NA,34
NA,2021,Preu_Lloguer,809.1236908783786,NA,35
NA,2021,Preu_Lloguer,815.2300680272108,NA,36
NA,2021,Preu_Lloguer,674.4501414427156,NA,37
NA,2021,Preu_Lloguer,714.7807947019868,NA,38
NA,2021,Preu_Lloguer,704.5712413793102,NA,39
NA,2021,Preu_Lloguer,740.4337419354838,NA,40
NA,2021,Preu_Lloguer,861.9497368421053,NA,41
NA,2021,Preu_Lloguer,742.7842857142857,NA,42
NA,2021,Preu_Lloguer,749.1868916797487,NA,43
NA,2021,Preu_Lloguer,761.0556557377048,NA,44
NA,2021,Preu_Lloguer,714.6193454545456,NA,45
NA,2021,Preu_Lloguer,682.959670886076,NA,46
NA,2021,Preu_Lloguer,365.56,NA,47
NA,2021,Preu_Lloguer,678.3724814814814,NA,48
NA,2021,Preu_Lloguer,746.7689743589744,NA,49
NA,2021,Preu_Lloguer,622.5756756756759,NA,50
NA,2021,Preu_Lloguer,647.9970085470086,NA,51
NA,2021,Preu_Lloguer,676.4846139359697,NA,52
NA,2021,Preu_Lloguer,594.6536641221373,NA,53
NA,2021,Preu_Lloguer,538.1285714285715,NA,54
NA,2021,Preu_Lloguer,526.953043478261,NA,55
NA,2021,Preu_Lloguer,517.8942857142857,NA,56
NA,2021,Preu_Lloguer,606.8970059880239,NA,57
NA,2021,Preu_Lloguer,556.6922222222222,NA,58
NA,2021,Preu_Lloguer,683.3613333333335,NA,59
NA,2021,Preu_Lloguer,766.6468480909832,NA,60
NA,2021,Preu_Lloguer,768.2925547445255,NA,61
NA,2021,Preu_Lloguer,775.4596491228069,NA,62
NA,2021,Preu_Lloguer,820.3046059544654,NA,63
NA,2021,Preu_Lloguer,820.0235754189949,NA,64
NA,2021,Preu_Lloguer,825.6741088435372,NA,65
NA,2021,Preu_Lloguer,972.1186788154898,NA,66
NA,2021,Preu_Lloguer,1308.9266542750927,NA,67
NA,2021,Preu_Lloguer,945.8589783549783,NA,68
NA,2021,Preu_Lloguer,1045.1782217090079,NA,69
NA,2021,Preu_Lloguer,710.3685643564355,NA,70
NA,2021,Preu_Lloguer,949.6803769401332,NA,71
NA,2021,Preu_Lloguer,806.8240433925049,NA,72
NA,2021,Preu_Lloguer,743.706754617414,NA,73
NA,2022,Preu_Lloguer,911.9741389913901,NA,01
NA,2022,Preu_Lloguer,1133.3602040816327,NA,02
NA,2022,Preu_Lloguer,944.0255718475074,NA,03
NA,2022,Preu_Lloguer,1070.0150766456272,NA,04
NA,2022,Preu_Lloguer,1071.5202032913835,NA,05
NA,2022,Preu_Lloguer,1019.4020251716247,NA,06
NA,2022,Preu_Lloguer,1389.9831609513278,NA,07
NA,2022,Preu_Lloguer,1201.0842163412128,NA,08
NA,2022,Preu_Lloguer,1069.604177884615,NA,09
NA,2022,Preu_Lloguer,1037.9847019867545,NA,10
NA,2022,Preu_Lloguer,881.2877731092441,NA,11
NA,2022,Preu_Lloguer,1456.6,NA,12
NA,2022,Preu_Lloguer,723.7744597701156,NA,13
NA,2022,Preu_Lloguer,928.1630514705882,NA,14
NA,2022,Preu_Lloguer,879.9778833693305,NA,15
NA,2022,Preu_Lloguer,1124.5175468975492,NA,16
NA,2022,Preu_Lloguer,881.058759018759,NA,17
NA,2022,Preu_Lloguer,906.8922894168468,NA,18
NA,2022,Preu_Lloguer,1129.450823710546,NA,19
NA,2022,Preu_Lloguer,1068.7212727272727,NA,20
NA,2022,Preu_Lloguer,1813.8996943231439,NA,21
NA,2022,Preu_Lloguer,1107.0198863636363,NA,22
NA,2022,Preu_Lloguer,1431.693131462334,NA,23
NA,2022,Preu_Lloguer,1807.019315789474,NA,24
NA,2022,Preu_Lloguer,1360.1421892816425,NA,25
NA,2022,Preu_Lloguer,1487.7349507658644,NA,26
NA,2022,Preu_Lloguer,1115.8549999999996,NA,27
NA,2022,Preu_Lloguer,1006.7594434137291,NA,28
NA,2022,Preu_Lloguer,808.0424102564103,NA,29
NA,2022,Preu_Lloguer,955.4907920792078,NA,30
NA,2022,Preu_Lloguer,1017.1074526748971,NA,31
NA,2022,Preu_Lloguer,1007.4876503436424,NA,32
NA,2022,Preu_Lloguer,911.025935672515,NA,33
NA,2022,Preu_Lloguer,806.3586610878663,NA,34
NA,2022,Preu_Lloguer,847.0788645038168,NA,35
NA,2022,Preu_Lloguer,873.4965254237288,NA,36
NA,2022,Preu_Lloguer,727.2034802431613,NA,37
NA,2022,Preu_Lloguer,779.3313718411553,NA,38
NA,2022,Preu_Lloguer,734.3782183908046,NA,39
NA,2022,Preu_Lloguer,793.6857051282053,NA,40
NA,2022,Preu_Lloguer,906.5408235294118,NA,41
NA,2022,Preu_Lloguer,796.7688523069662,NA,42
NA,2022,Preu_Lloguer,801.7753911564625,NA,43
NA,2022,Preu_Lloguer,826.4201814882032,NA,44
NA,2022,Preu_Lloguer,758.4085310734459,NA,45
NA,2022,Preu_Lloguer,725.6955459770114,NA,46
NA,2022,Preu_Lloguer,365.56,NA,47
NA,2022,Preu_Lloguer,760.6973563636365,NA,48
NA,2022,Preu_Lloguer,803.39775,NA,49
NA,2022,Preu_Lloguer,666.385294117647,NA,50
NA,2022,Preu_Lloguer,645.2533088235294,NA,51
NA,2022,Preu_Lloguer,725.3966943866944,NA,52
NA,2022,Preu_Lloguer,628.7737096774193,NA,53
NA,2022,Preu_Lloguer,553.4666666666667,NA,54
NA,2022,Preu_Lloguer,563.8839423076923,NA,55
NA,2022,Preu_Lloguer,616.18,NA,56
NA,2022,Preu_Lloguer,646.4585999999999,NA,57
NA,2022,Preu_Lloguer,615.9785714285715,NA,58
NA,2022,Preu_Lloguer,741.0650306748465,NA,59
NA,2022,Preu_Lloguer,821.2315851449276,NA,60
NA,2022,Preu_Lloguer,865.5268377253818,NA,61
NA,2022,Preu_Lloguer,830.647677419355,NA,62
NA,2022,Preu_Lloguer,884.2131779661015,NA,63
NA,2022,Preu_Lloguer,894.079510961214,NA,64
NA,2022,Preu_Lloguer,904.0623156089191,NA,65
NA,2022,Preu_Lloguer,1150.172159624413,NA,66
NA,2022,Preu_Lloguer,1426.2726923076925,NA,67
NA,2022,Preu_Lloguer,1079.906542443064,NA,68
NA,2022,Preu_Lloguer,1247.4966780821921,NA,69
NA,2022,Preu_Lloguer,778.6687301587301,NA,70
NA,2022,Preu_Lloguer,1024.3009767441858,NA,71
NA,2022,Preu_Lloguer,987.5464516129035,NA,72
NA,2022,Preu_Lloguer,931.4165104166665,NA,73
NA,2023,Preu_Lloguer,959.5023487986743,NA,01
NA,2023,Preu_Lloguer,1265.3793811074918,NA,02
NA,2023,Preu_Lloguer,991.0295338983051,NA,03
NA,2023,Preu_Lloguer,1138.0155892648772,NA,04
NA,2023,Preu_Lloguer,1179.5460909090907,NA,05
NA,2023,Preu_Lloguer,1115.1094618834072,NA,06
NA,2023,Preu_Lloguer,1578.6309775429322,NA,07
NA,2023,Preu_Lloguer,1352.586271129141,NA,08
NA,2023,Preu_Lloguer,1177.5860980392156,NA,09
NA,2023,Preu_Lloguer,1134.063853211009,NA,10
NA,2023,Preu_Lloguer,937.2811123986094,NA,11
NA,2023,Preu_Lloguer,1451.0752688172042,NA,12
NA,2023,Preu_Lloguer,885.1381125827816,NA,13
NA,2023,Preu_Lloguer,1047.2004201680672,NA,14
NA,2023,Preu_Lloguer,967.8624078624078,NA,15
NA,2023,Preu_Lloguer,1326.1809818181823,NA,16
NA,2023,Preu_Lloguer,981.5000994035784,NA,17
NA,2023,Preu_Lloguer,1006.7551700680274,NA,18
NA,2023,Preu_Lloguer,1215.762937131631,NA,19
NA,2023,Preu_Lloguer,1190.126909090909,NA,20
NA,2023,Preu_Lloguer,1952.0028272251304,NA,21
NA,2023,Preu_Lloguer,1255.9354838709678,NA,22
NA,2023,Preu_Lloguer,1528.4547089041096,NA,23
NA,2023,Preu_Lloguer,1955.5270220588238,NA,24
NA,2023,Preu_Lloguer,1507.6664433811802,NA,25
NA,2023,Preu_Lloguer,1696.011168741356,NA,26
NA,2023,Preu_Lloguer,1255.3925507900678,NA,27
NA,2023,Preu_Lloguer,1137.6737530266346,NA,28
NA,2023,Preu_Lloguer,922.2271069182389,NA,29
NA,2023,Preu_Lloguer,1090.3646197183095,NA,30
NA,2023,Preu_Lloguer,1125.7668725435158,NA,31
NA,2023,Preu_Lloguer,1138.4418104426784,NA,32
NA,2023,Preu_Lloguer,1028.5513568773235,NA,33
NA,2023,Preu_Lloguer,890.0170056497174,NA,34
NA,2023,Preu_Lloguer,964.501355529132,NA,35
NA,2023,Preu_Lloguer,1057.5112598425196,NA,36
NA,2023,Preu_Lloguer,776.5296223021583,NA,37
NA,2023,Preu_Lloguer,847.1827272727273,NA,38
NA,2023,Preu_Lloguer,822.5969911504426,NA,39
NA,2023,Preu_Lloguer,896.1950833333334,NA,40
NA,2023,Preu_Lloguer,945.8839344262296,NA,41
NA,2023,Preu_Lloguer,829.0822222222222,NA,42
NA,2023,Preu_Lloguer,895.5867813765182,NA,43
NA,2023,Preu_Lloguer,906.8950588235294,NA,44
NA,2023,Preu_Lloguer,836.4906633906633,NA,45
NA,2023,Preu_Lloguer,765.9689818181818,NA,46
NA,2023,Preu_Lloguer,365.56,NA,47
NA,2023,Preu_Lloguer,843.2267857142856,NA,48
NA,2023,Preu_Lloguer,832.4651162790698,NA,49
NA,2023,Preu_Lloguer,734.296425120773,NA,50
NA,2023,Preu_Lloguer,753.3489252336448,NA,51
NA,2023,Preu_Lloguer,784.9111809045227,NA,52
NA,2023,Preu_Lloguer,657.3862765957446,NA,53
NA,2023,Preu_Lloguer,494.68250000000006,NA,54
NA,2023,Preu_Lloguer,611.7125663716813,NA,55
NA,2023,Preu_Lloguer,616.18,NA,56
NA,2023,Preu_Lloguer,714.3222047244094,NA,57
NA,2023,Preu_Lloguer,699.5,NA,58
NA,2023,Preu_Lloguer,724.8874033149172,NA,59
NA,2023,Preu_Lloguer,910.9734604395605,NA,60
NA,2023,Preu_Lloguer,968.2132667876582,NA,61
NA,2023,Preu_Lloguer,924.3830894308942,NA,62
NA,2023,Preu_Lloguer,974.3143523316062,NA,63
NA,2023,Preu_Lloguer,982.4771364653246,NA,64
NA,2023,Preu_Lloguer,1031.80082278481,NA,65
NA,2023,Preu_Lloguer,1238.0689836065576,NA,66
NA,2023,Preu_Lloguer,1495.5472289156626,NA,67
NA,2023,Preu_Lloguer,1172.8342875000003,NA,68
NA,2023,Preu_Lloguer,1325.1844715447157,NA,69
NA,2023,Preu_Lloguer,779.6647663551403,NA,70
NA,2023,Preu_Lloguer,1161.2422591362126,NA,71
NA,2023,Preu_Lloguer,974.2408208955223,NA,72
NA,2023,Preu_Lloguer,1064.2262765957446,NA,73
