Data_Referencia,Codi_Barri,Renda,Var_Renda,Pisos,Perc_Domicilis,Var_Domicilis,Perc_Edat,Var_Edat,Perc_Regio,Var_Regio,Perc_Uni,Var_Uni,Lloguer,Var_Lloguer
2020,01,10971.809461923827,0.12989306954323396,191,0.24861719290159023,0.018034081360336907,0.5683861907057665,-0.0021229289726392153,0.11442723681735532,0.01996427860151323,0.2720019226147561,0.05848602588228169,14.038781235917654,0.2642425355412359
2020,02,16221.377245508982,0.165311540221956,193,0.28498035660320337,-0.0028488470745276495,0.6698633982035929,0.07059869232123994,0.17903727428863203,-0.022330358404301864,0.3276695400867009,-0.039368733008520285,13.633715413462417,0.21627521664517424
2020,03,14798.553745484289,0.15309656032253754,64,0.2856531660011409,0.03080059524991846,0.5816917728852838,0.04555251946854355,0.18483730291848374,0.03148957073705827,0.3058560507716717,0.06862789006396808,17.283146098294704,0.058406683545917465
2020,04,16963.035304926067,0.17337432006335188,159,0.2996082272282076,0.017043707821582932,0.5856155394172718,0.007516645761819096,0.21022727272727273,0.029059376380322938,0.42162110495125216,0.0594430548341795,14.6156783308734,0.15103114143861582
2020,05,21968.75557974959,0.13953433947482577,332,0.16774143423199442,-0.007296135964952516,0.4673380511703865,0.022158527758478208,0.08938462935496565,0.02042133251014916,0.40345459481471424,0.044554554961085735,13.900360175981906,0.27633967899345363
2020,06,21403.56263096624,0.12553252606026388,765,0.18167341553300878,0.003239228765102853,0.4538222739619713,0.009866839998210919,0.06906114849795396,0.01547339258461665,0.39476226253085756,0.0576360386621092,14.30856438754802,0.2884678559894121
2020,07,28957.789630376035,0.10726691091807024,1662,0.20356660362064308,-0.005210791580756047,0.45529702743553335,0.011903878985288663,0.12651499530322818,0.028083183485810098,0.5281632233528626,0.04490194119343621,14.156206418242176,0.2536935791422097
2020,08,26912.774770329645,0.1533995930193066,709,0.20808548138356467,-7.742214379612977e-4,0.4764925636145767,0.02324991119776837,0.09928661942084761,0.014621266526898269,0.49733093768715986,0.05384155978002497,14.32006576315368,0.2599258972666843
2020,09,24456.657422172917,0.1399886717738789,413,0.17895119880321836,-0.001631165975622656,0.4490223947861055,0.009197873564801395,0.06421732430701041,0.011327879284892366,0.4494911746104755,0.059932627334332744,14.42170366836244,0.27989276336872365
2020,10,21165.284651211197,0.13329857297472072,586,0.18718639089462735,0.003739818936628586,0.46316967189654723,0.007988641538739794,0.08471937517839072,0.01702116750308645,0.3891965161215897,0.05936396183486109,13.94538330226278,0.2726560594160069
2020,11,15111.45010455244,0.17145887814930505,515,0.21650388179313798,0.022184190478064275,0.5104678406771975,0.003001395611598623,0.10351410414207128,0.025665732679777523,0.2959120208074183,0.0665401607977677,14.264062240931189,0.2858267820153777
2020,12,12952,0.2727987421383648,3,0.23983739837398374,0.02522552622786503,0.4406354515050167,-0.011006884261406669,0.020798668885191347,0.0017769297547565628,0.048503611971104234,0.022468109012524353,6.501293991554146,-0.01601398623387781
2020,13,15465.16103251587,0.13600820604534689,6,0.1415415249315523,0.003935574403961917,0.40449872707937223,-0.017767368490163304,0.02883033957883195,0.0037265773616676733,0.16780643722589758,0.03208574985497445,11.149334735857613,0.3332537800726591
2020,14,19422.97554055376,0.14600632042902967,73,0.17540983606557378,-0.0072824716267339,0.44203111241561494,-0.011909171480616099,0.0669921875,0.0020761390814135056,0.3191098628065248,0.042373368870471884,13.324871492147988,0.1762048153934687
2020,15,18272.370646922256,0.13730072163663085,177,0.20827112570916692,0.016028292656890375,0.48961536048189747,0.009102573005249914,0.07675,0.018732376021097313,0.33630430205628464,0.06806951569461006,13.9583014743753,0.25528809259103746
2020,16,18801.92860103627,0.16842187914453216,44,0.15365111561866127,-8.501009263509052e-4,0.41699481865284976,-0.0030692626641317666,0.03426791277258567,0.004732514542497172,0.2664751407129456,0.054003146687553516,12.980803680805824,0.3187986955882742
2020,17,18074.201063139102,0.11138841720192769,106,0.1684043292622381,-0.0028596901375800288,0.4413244603148839,0.00635689229197095,0.042688870836718115,0.009497704923116496,0.2821971420770001,0.05324790949140387,13.831488158233396,0.2879439956638666
2020,18,20518.65184618239,0.1469343699744417,245,0.1927409988385598,0.005461431474346301,0.4680860933296224,0.016712097020211425,0.0553583443539593,0.009940117137979279,0.33587270221783105,0.04354610091611871,13.861959482516596,0.2610952949887732
2020,19,28360.32795593582,0.14114556863364972,206,0.15363332637293797,-0.0032619341384560463,0.3921146017024797,-0.003396542889180676,0.04499967153524427,0.010111044206189662,0.45006150061500616,0.048857490565004935,14.858315440082452,0.2539932685236016
2020,20,25007.906372569694,0.12013341587364784,44,0.13507109004739337,4.4359791727793807e-4,0.3938678250600987,-0.0021318352082892456,0.03889665692131689,0.007956485981145952,0.4046683282208589,0.04335780063714412,13.966182905817798,0.22264774320162106
2020,21,41190.154341380774,0.1339618405582499,11,0.11598966893637004,0.0014265621402535372,0.3584074544684456,-0.007576363744672021,0.103653862533004,0.010548025013516732,0.5275511231993553,0.021527026813813133,15.466036033457891,0.09336924868740082
2020,22,27499.13532209252,0.1308925274281743,3,0.13878562577447337,-0.014660408035669675,0.38715953307393,-0.0211701275695253,0.11250540891389009,0.01954890637469822,0.439572192513369,0.025509692513368987,12.47392625453489,0.030877437297826413
2020,23,36904.85350216381,0.15925209032028678,27,0.1435492957746479,-0.005578511772952155,0.369370091360795,-0.013570166671911021,0.09245457841517947,0.012654388513020365,0.519008345127129,0.028304460409035614,16.978896536050428,0.1680503392278829
2020,24,43132.9907075615,0.1408731337423355,35,0.11615891680028505,-0.008590673438287164,0.3565138171879745,-0.02471353092923173,0.06140941651870446,-6.616808537839441e-4,0.5388242227788419,0.02811582080190611,16.51571761748483,0.18245599489413358
2020,25,37045.027874429754,0.15555136248318976,32,0.14472435965004743,-0.007196415189434563,0.37841181473749325,-0.006763010437331907,0.06329754123871771,0.01354529533773878,0.5177938400626122,0.04298671557456574,15.313461685960396,0.19411589787668504
2020,26,37565.40583196185,0.13222931905005977,244,0.15924648447864154,-0.0016462175196208517,0.3806810988732751,-0.005566300571939853,0.07316556964168554,0.014071289287425251,0.5330458353868901,0.03634780637034202,15.323225256133169,0.20353958247326923
2020,27,29221.694269426942,0.13834625376503648,143,0.18238333602454385,-0.011554027901096747,0.4166416641664166,-0.002989980873348952,0.07559424171409442,0.015159703674437544,0.517065044744896,0.04256321473269592,15.08840764858391,0.22417184420659048
2020,28,24885.049423291577,0.07196398843714631,40,0.17217651458489155,9.308074353442664e-4,0.4120054570259209,-0.007275438907015097,0.07123781131606732,0.010945524796636165,0.41938023330709223,0.041602455529314464,14.367477774784508,0.24359292445248998
2020,29,19189.439605806365,0.14574558373387553,20,0.184634840341448,0.0037767545328671326,0.43867359168997205,-0.0039312648221692115,0.0593186372745491,-1.3110695329550393e-4,0.3233906559123421,0.04227580728187602,12.232760379657146,0.23568228813862643
2020,30,24475.173867149213,0.13518197032440216,37,0.16736630772038694,0.007492866439910484,0.41400889693131265,-0.0030943388159909158,0.060454165717323614,0.0072717484756769785,0.4224308725988457,0.040693562290106844,13.63891362609796,0.2094559343523451
2020,31,22859.154551630436,0.18958296608085146,749,0.25126748251748254,0.0029438544956014723,0.5008192135549873,5.065685784860774e-4,0.11541689983212088,0.022919676768402814,0.47544169216680443,0.06389846141491623,14.912970005469951,0.21194392567817566
2020,32,23858.776555202156,0.13782496849516349,223,0.182852958796512,-1.0050100968425624e-4,0.4342244763460271,0.009400823336872088,0.06487309936477825,0.015831046105349404,0.42790667821956935,0.04994650599136696,14.078602277671465,0.24256218084882708
2020,33,20380.686107877376,0.12631839822716392,92,0.1633458819208521,-0.0068827695023863655,0.4159487776484284,-0.0018419478683726065,0.04637049716019606,0.007505203466791142,0.34361347809161297,0.04999455796666874,13.7556294000789,0.3019506502431427
2020,34,18952.939301642553,0.15429063075616337,20,0.1697871249038215,0.005551576551579479,0.43119765038616337,0.010879384703506523,0.05888136333843129,0.011157767313471734,0.2981220657276995,0.051338132936940784,12.947489139805402,0.2828822531390045
2020,35,19652.522149854667,0.12799041196230695,70,0.17088363729771386,0.005747252336920333,0.42835612014210356,0.001131256011668802,0.04680862577450689,0.010252055548908755,0.3206172310330047,0.04944115814417305,13.20204599008055,0.27437796730380987
2020,36,24144.92484008529,0.1405847648085624,4,0.13903601694915255,0.01109725259704758,0.37249466950959487,-0.004869939721839578,0.030938871641151913,0.009421810132784165,0.3372927493194754,0.04234607588118183,12.9032800798,0.13455377471203736
2020,37,13747.323608170382,0.14118957074060695,33,0.1437065637065637,0.0028637372905675196,0.4272013949433304,-0.004093487998736378,0.03379814907453727,0.00780901020719825,0.14842187946301058,0.0370803754085062,11.978664650022605,0.31510837679339143
2020,38,15425.673853989812,0.12914292457926937,9,0.16697360343769183,0.021902574595677182,0.43488964346349746,-2.996661133399803e-4,0.03651877133105802,0.006756332962613375,0.18374046538572947,0.037907132052396125,12.098667580114432,0.27233858240765924
2020,39,16472.707877461708,0.09085429023678979,3,0.13862397820163488,0.007073959879905306,0.3926422319474836,0.0054824063573467585,0.041758544652701214,0.015418715176452737,0.21027086268983874,0.03640995141885553,10.616188260010214,0.27564685540004
2020,40,18147.005540166207,0.09796516575152772,0,0.15588096362777515,0.0192793453507642,0.3860308666402849,0.01095463163316962,0.027218934911242602,0.00495172843350981,0.28145842596709647,0.061678206186876694,11.892571572311828,0.18093158952503147
2020,41,22438.055911372685,0.17356302240964866,1,0.11551433389544688,0.0021122720397767775,0.36126016963822055,-6.723117750062624e-5,0.03200138384362567,0.0020255879024601506,0.3121319199057715,0.031216216011890452,12.231056731447367,0.21420554648897258
2020,42,18005,0.21343846879633374,0,0.20774647887323944,-0.016391452161243325,0.5741935483870968,-0.03369508270339039,0.023391812865497075,0.019567721087294397,0.3273942093541203,0.0360034808772991,11.44584580475,0.43638649742737035
2020,43,19311.583870044367,0.1673347840858121,6,0.14517029592406477,0.0053101560639249035,0.3992772291398311,-1.0774106966343622e-4,0.028325964269024766,0.0037721347196280133,0.24483715615051832,0.03446652799669894,12.630100619246846,0.3271233930425713
2020,44,17923.943945927047,0.12467979793835055,9,0.13506345898844477,0.004775974717803,0.3935050304937264,-0.011102199190223982,0.02547994381145622,0.0028153557313506904,0.23954355935922755,0.033011032065173584,12.310294515315292,0.3207053444174758
2020,45,15774.24454704086,0.11227395298981442,10,0.14350952195880295,0.0017132349542871572,0.43561872909698995,0.02265329246316128,0.028462099125364432,0.008480530760753172,0.1812805029365539,0.026432661464508594,12.058039752066666,0.32479726560314054
2020,46,12845.54715452222,0.12807668916088233,0,0.1486146095717884,0.020430416234100607,0.41893660786635917,0.004022649931368749,0.024911253658840383,0.006713851403944884,0.16593886462882096,0.04137665966460595,11.59207748619661,0.3904208281292788
2020,47,11721.394308943089,0.15509571806107253,0,0.1832797427652733,0.007063526549057092,0.3830171635049684,-0.014218681345678053,0.012623985572587917,0.004464420749378488,0.08791801510248112,0.011453806859531013,11.917233468333334,1.056929676775348
2020,48,18056.442565789475,0.14001196143274572,1,0.10795636830285531,0.005867813582721634,0.36236842105263156,-0.007727803965873248,0.021075581395348836,0.002708372265765476,0.1902552204176334,0.020026154302564075,10.55883307393676,0.29229592366983576
2020,49,16569.37694013304,0.1487924222092292,1,0.09696969696969697,-0.00614523321290239,0.34235033259423503,-0.02554946350247339,0.015135776821486868,0.004154810496450265,0.13143046797212082,0.019673576573914248,9.658084506773582,0.338760293140415
2020,50,11645.575361872498,0.1271566336874198,2,0.13910586671098554,0.006536024614855057,0.44829072990452723,-0.010483332246448374,0.030637405991862904,0.0031319772888294094,0.09732253593054643,0.02278116275924834,11.64755506255665,0.3349939325321669
2020,51,12692.828916232844,0.12244485766896034,3,0.16861143523920655,0.011814932854468857,0.4298785297365515,-6.655417038321509e-4,0.02554369315935152,0.001531107252255387,0.12872827081427266,0.027723966653583995,11.996103574844655,0.31185245339712353
2020,52,14335.309221880394,0.1280562038967365,3,0.13051097583471685,0.005806204932496728,0.40249118331207323,-0.007008425757512371,0.021748929456840208,0.005549845057262793,0.13169814545765318,0.02428776557536319,12.433533647504774,0.29049515267779724
2020,53,11038.414492753624,0.18288667914441809,0,0.16354981298877933,0.011708256352226165,0.4338603425559947,0.007098228018549757,0.0236272439281943,-0.0012730174557649791,0.0950247218788628,0.029563070681989323,11.832023495987809,0.3465373274141126
2020,54,10367.272346368714,0.2010059573775816,0,0.14285714285714285,0.00766161213088587,0.4381983240223464,-0.016483323917728554,0.028344279294849638,0.0067347412918690105,0.08315288003464703,0.011724308606075609,8.756814471615385,0.4451619750495734
2020,55,9479.586749068436,0.10456562148068829,0,0.11351495726495726,0.004800296816108537,0.446787239843679,-0.015912582536427577,0.026485846909984526,0.0028730960245063678,0.07406586096019514,0.016129258799444816,9.24737150968479,0.39785523319599564
2020,56,10737,0.1551371705217859,0,0.18813905930470348,-0.02306783724702066,0.4215406562054208,-0.028000628198248945,0.031473533619456366,-0.0018345663048434102,0.08970727101038715,0.017455962109863596,7.898986077166666,0.1865684358069199
2020,57,10780.5416746872,0.13187536912335526,4,0.14249649368863956,-0.005727152205361602,0.46073147256977864,-0.01625177885936585,0.03360860380257346,0.007831271806585497,0.10428152492668621,0.01987852177822412,10.856505266343747,0.35599531198478046
2020,58,10766.870766835344,0.19894388730541374,0,0.16683417085427135,-0.020140619061695036,0.4219540677306345,-0.020938290527377,0.015186915887850467,-0.003354493259244711,0.060969755160825735,0.016536927142007128,7.518427432999999,0.5733206589658275
2020,59,14087.208884618227,0.14262218080826014,1,0.13263296126066973,0.004167782085551408,0.43868726439500333,-0.008551752130591173,0.027827116637063352,0.004460748093029834,0.1428826895565093,0.023397576065303627,11.88428890408334,0.3473792165893836
2020,60,20005.769649010406,0.14397925112195337,28,0.14900358542483116,-0.0011371986340815432,0.4014475939810566,-0.014256877081135377,0.02064978932339729,0.004080079473425206,0.2678493210687692,0.04034756581332791,12.50038503614695,0.24575311290629737
2020,61,18600.65273775216,0.14690512266410044,22,0.14306091626111764,0.0036669768671782343,0.4066831343488404,-0.00706756829309324,0.028392685274302214,0.005613481843360461,0.25991855730075625,0.04408979072145358,12.399219424251562,0.27380515967244323
2020,62,18304.18828853538,0.13342842188018508,6,0.15409015025041736,0.009357853186514081,0.41902084476138235,0.0073956112508205,0.04091720444871619,0.00963341579449576,0.27736825595984943,0.04824123899667193,12.516271443092004,0.3238287651610861
2020,63,19213.213133899295,0.16113855310204125,16,0.1397778510942483,0.013158497709095662,0.40421326865202356,-0.004250392801518288,0.0395597455906897,0.010651327459329847,0.28095310674185847,0.04736922533461346,12.668060270894255,0.30257472915193767
2020,64,19812.45001293661,0.143793169072624,266,0.17596358118361152,0.006555175944304298,0.44602846054333767,0.009947597866814872,0.05759216560014508,0.0168365663546816,0.3280522709531932,0.057257968755554445,13.573541111275508,0.27742559184576154
2020,65,19402.99703809238,0.15705661522870018,50,0.15402426599981475,0.00330071779459018,0.4238152369526095,-0.008631451315041783,0.05153944115664095,0.013089501470271832,0.2941426326296564,0.04932559888111107,13.346723093321774,0.29444108054872303
2020,66,20638.192793250015,0.16061357199448967,98,0.1788151364764268,-0.011161553500263183,0.462348537714902,-0.006362781223345881,0.10043251494720773,0.018811116905018285,0.3719115734720416,0.05021464172501594,14.332802815040129,0.2476651388041234
2020,67,31635.053887688984,0.07663454493309159,108,0.16361071932299012,-0.007023063298174204,0.39751619870410365,-0.014344697404039819,0.12319153530554956,0.014672815826439423,0.5444514901712112,0.015211336345458681,17.656044704791043,0.2357427108995816
2020,68,21447.106561478908,0.18452918084525008,390,0.19225188624492165,0.006227825647862395,0.45282741161578993,-0.022261071912660912,0.09989382410192886,0.024372279053190588,0.3623918557381606,0.0629322015594862,14.91812146950517,0.27140191156210974
2020,69,25030.393499101257,0.17474614460099205,127,0.20247781065088757,-0.01676327788878279,0.42892450569203117,-0.05560923198802947,0.10746894177518336,0.016773381841860127,0.41818181818181815,0.029919753139626082,16.664812541432543,0.3341028660864709
2020,70,12026.78370731324,0.14488403196130842,32,0.1370576399573914,0.01236689280251757,0.45785357802491455,0.016428483977558916,0.05972320515844932,0.022402503901144552,0.12912011817930016,0.030867972145584163,11.910099374483543,0.4209476931546378
2020,71,18549.435987807203,0.16211113914913342,34,0.15038945476333135,-0.008078438590029519,0.4346065917317584,-0.013856884338770525,0.06010357770703663,0.020189931758648236,0.2694736842105263,0.05068548794721217,13.975188470866849,0.40377970456906304
2020,72,17221.84890386552,0.13074382282271327,15,0.13104421448730008,0.006650491234803643,0.3892245720040282,-0.010432174105110936,0.030274802049371215,0.0065220185200513744,0.21015032651093482,0.03736501126751901,11.777951844188989,0.2529069564585915
2020,73,15430.260073131285,0.13370767250381746,9,0.11590038314176246,0.008773574478151427,0.3798256100133605,-0.008686471377059135,0.028386050283860504,0.0058275324986967955,0.15120807502781752,0.029796951013882467,11.545577306243896,0.26877264404095647
2021,01,11922.78490025533,0.1953347444464845,189,0.2457700525495178,0.013238690813865417,0.5685549996886222,-1.8383236434438288e-5,0.11573289228860864,0.017919558955275305,0.2722821695108618,0.04463072861691944,12.910850546960988,0.05277303993953164
2021,02,17523.990723479805,0.22896036465141523,193,0.28508438497795346,-0.0028015263212159414,0.6788282290279627,0.07786887205641935,0.17333274601356707,-0.03659214324623905,0.31607758010476145,-0.06593701024316223,12.59237390260884,-0.03452413947141683
2021,03,16051.749521988528,0.20720794159237438,64,0.2721127570832734,0.019620088461572538,0.5882955476645725,0.044696037393860966,0.1921529175050302,0.03142898449584597,0.31696268066441363,0.060653995218404255,15.997813482563371,-0.11988594192148039
2021,04,18115.36328660505,0.20612749429850147,159,0.2948527224040464,0.011291915722441204,0.5948790518728165,0.015735662673561412,0.2192321178120617,0.03229345283034035,0.42698412698412697,0.049056536472266765,13.592294852635478,-0.03530486582695836
2021,05,23201.005486178467,0.17159800677899223,330,0.16604186191815057,-0.004589283023175156,0.4728419010669253,0.026693461819665032,0.09246523464719605,0.020251029099657175,0.40699716331217073,0.036411895905510805,13.048152752838208,0.10976380957471488
2021,06,22425.465992021018,0.15262012520102566,755,0.17935477974776093,0.004638410217777139,0.46050403814342705,0.017244492697841507,0.07264392821070624,0.017075184392704265,0.4025037040218162,0.05261998819400454,13.58089760798875,0.11325215052828043
2021,07,30121.570832565,0.09906773092100266,1650,0.20183287240388265,-0.0011672370891645523,0.46252074497510604,0.02069969283228207,0.13468796023564064,0.031071260619406196,0.5386156929243101,0.043451181203506994,13.146806325245857,0.022525973980487356
2021,08,28163.92712827404,0.1729297737305119,688,0.20682786477065235,8.127988077222259e-5,0.480821368790815,0.029007597159506626,0.10394374808926933,0.017898585863071373,0.5017540212561391,0.04748168520720414,13.650116837702225,0.0726053923433014
2021,09,25740.767403003974,0.17249386704879724,404,0.1806399021805584,0.002570086985486525,0.4512469661261388,0.012611242784823118,0.06617634151907177,0.01247146278246715,0.45542981164250834,0.05463553979025071,13.438599368813312,0.08597743622125549
2021,10,22484.543137768465,0.16578261242929,576,0.1861153964825671,1.3190097819465452e-4,0.4664222105814563,0.0131611972199005,0.08791438266771077,0.01739087924205672,0.3978855901520637,0.05760125791987869,12.9584861152187,0.0725544567427773
2021,11,16207.735109520328,0.21852718067442106,498,0.2099742478487532,0.01084882798691153,0.514783353918282,0.008501186191972598,0.10783451809801312,0.026338494741524637,0.30365444760643545,0.06348822685161107,13.620301505811062,0.10923128834947898
2021,12,13866,0.30233868695407157,3,0.22977941176470587,0.018415775401069506,0.451588502269289,0.001275162967588006,0.02923538230884558,0.01053547135604059,0.09383624655013799,0.06633349627511048,5.901596189285714,0.004971907016263001
2021,13,16432.515320877337,0.17392330763370645,6,0.14101175097924826,0.005380557528149588,0.4021121039805037,-0.015978281339375122,0.02915650901999025,0.0038383665721256344,0.1708827699425416,0.03125325513863522,10.70903183505043,0.20778396681643396
2021,14,20163.383813306853,0.17071225470881113,73,0.1755545068428504,-0.004242039170870904,0.4465739821251241,5.124224830747592e-4,0.06379821958456973,-0.0012288340307770457,0.32383136740934904,0.03927852188089376,12.75049205163399,0.05850855698554799
2021,15,19344.751497950172,0.1716796428355112,175,0.20986547085201793,0.015581493959345383,0.48937243771680855,0.008434021294521143,0.07846221606996791,0.019152046794162894,0.3418291910159825,0.0577869415155543,13.13778419660368,0.08081013557602239
2021,16,19779.245140445048,0.19098371237315392,39,0.15100585688820983,-0.003327611234178629,0.41534212309135443,0.001721225275527427,0.03600688827427856,0.005747205175687008,0.2761321476944821,0.05377228395957964,12.33656329574336,0.14027206505281525
2021,17,19144.27585646361,0.18129710129576834,103,0.1695604722690743,-0.0011909962340652391,0.44170358028203355,0.011562425688169953,0.042454367666232076,0.007332416446719878,0.2880098324836125,0.050946167740447246,13.166578088151732,0.12097558243500553
2021,18,21537.377429554545,0.1705812943916011,244,0.19486969732382844,0.009682336816369264,0.46921789268111225,0.019530951715101497,0.05621088387892324,0.010046694740206578,0.34141771624856876,0.03625836701745666,13.116008987680274,0.1031217628209168
2021,19,29446.107730463475,0.13801925451206978,202,0.15253164556962026,-0.0024289167526418964,0.3898226267189265,-4.887460210208361e-4,0.046147690392566575,0.00987987335492009,0.4522959374765912,0.0419525716436111,14.061172301470746,0.07799437117618595
2021,20,26150.821395230418,0.1314870102324345,44,0.13606777559665253,5.488781232760587e-4,0.3917932614784011,-8.915238911696433e-4,0.03921484958395562,0.008023360222253494,0.4118270760036628,0.04171312821771156,12.98170304424569,0.005727039243443951
2021,21,42482.48628087871,0.11538848177972388,11,0.11570247933884298,0.006655434706756128,0.356440721429182,-0.005218014124862891,0.10105788251483616,0.002220673212510585,0.535068103273023,0.024728895775824267,15.060165415490738,0.028022889616038518
2021,22,29928.95280802904,0.18388242159441,3,0.1387354205033763,-0.019261978716389627,0.3847960708947256,-0.019328545164949695,0.11347061347061348,0.019590376576557766,0.44660194174757284,0.029843699989331063,15.331200321072728,0.016649595829705103
2021,23,38397.86585814039,0.16614646803512642,26,0.1441801966613309,-0.007083176887496795,0.36841030666830005,-0.011191014109491304,0.09375770020533881,0.013757700205338813,0.5234699940582294,0.029344112940397016,15.90375279016188,-0.002009469580940272
2021,24,44393.41074523397,0.1158735488138752,34,0.11701170117011701,0.0011591498717694604,0.3542956177271602,-0.016842843811301356,0.06377551020408163,0.01397939010028823,0.5476955255098229,0.030003391184828532,15.735479969511935,0.005835585665777099
2021,25,38810.6747567124,0.14907113413912587,32,0.1441584577904883,-0.005987157569235568,0.375933091022785,-0.010247210397747786,0.06558987660143048,0.014102371643080619,0.5225905008795482,0.0391471024438777,15.129906111319563,0.06405583827550539
2021,26,39280.307491661675,0.13906533817978933,242,0.16031107535532313,0.0019209422816457433,0.38146754468485417,-0.004871217949537154,0.07410743004181408,0.012064816221465657,0.5380945281049649,0.03563495342218703,14.52886385373683,0.054557910361203055
2021,27,30983.31740671957,0.15362836112249587,154,0.18171456484572174,-0.008380482678040146,0.4118521019753503,-0.004702383544652411,0.0745225738611309,0.011683891076637365,0.5184910376069044,0.0378609138325916,14.269989612958556,0.039505749520258635
2021,28,26173.280720273207,0.1294454027711315,40,0.1718914054297285,0.002526523736079672,0.41490220428438374,7.509546900961728e-4,0.07199751088985687,0.00957074354185531,0.4240691774458658,0.0383527505873526,13.726958979428565,0.0848537487581519
2021,29,20158.43416370107,0.17950540355122993,20,0.18775639002840014,0.010975387389877717,0.4357453538948201,-9.052981298882101e-4,0.06560190073917635,0.006212293920369642,0.3305084745762712,0.0412221951016708,12.71271074027103,0.13225555843987138
2021,30,25677.713379643614,0.1724926978981044,36,0.161195672107097,0.0017483233393598974,0.41331923890063427,2.2511028926425203e-4,0.06545178435839027,0.016406102255761987,0.43074542171782304,0.03826474708676192,12.575219813195378,0.03804658739957138
2021,31,24043.809091827457,0.21716531864043687,734,0.24739076596497436,-0.0022783419499643187,0.5025558137185574,0.0037605362308054113,0.11991693715852503,0.024227004704359706,0.4820877710477134,0.05644223907529211,14.125647541263426,0.046512173965861076
2021,32,24988.84879438338,0.15695573196874069,221,0.17577388963660834,-0.002758792761004908,0.4363814237210105,0.00932808286791309,0.06800876788186433,0.015460332710478336,0.433646241882595,0.04614416443536212,13.72783214081223,0.09985931667472937
2021,33,21367.32556675063,0.1593672192093111,76,0.1615720524017467,-0.003110673252016527,0.4203794080604534,0.004076873699604855,0.04735409020954185,0.0067238414692395235,0.35119386637458927,0.04974317652054555,12.638888561865397,0.10530118340782729
2021,34,19875.52516650289,0.19149946274338836,20,0.17598768599281683,0.01128180363987566,0.4338901626815154,0.01778201773093041,0.06252052994634841,0.014625194337702221,0.3041815714814358,0.0517494158234737,12.534150169312973,0.09039924255249236
2021,35,20596.115844564363,0.15303925788733252,70,0.17158731184185025,0.007545055513367094,0.42790899476638555,0.002583683446950813,0.047645006541648494,0.008528500050331685,0.324910080236097,0.04529663378588333,12.604356483990289,0.13128989626921841
2021,36,25416.727836595015,0.143447709588105,4,0.13690634120456355,0.010711312523875222,0.37247353224254093,-0.005744075371562463,0.03271631510977185,0.011672817984270167,0.34650043204542647,0.0503208834386934,12.143906963119404,0.021105948749396693
2021,37,14533.14341792106,0.1677977362365182,31,0.14341952913932846,0.0018040279831208206,0.4284301301270361,0.0011524044567363112,0.03453416149068323,0.007845037956317746,0.15247033823268993,0.03630759923758099,11.766751192358427,0.1980843365679508
2021,38,16263.016956266263,0.1538663036676414,7,0.16309887869520898,0.01708979368547503,0.43154537060354237,-5.567234020296685e-4,0.03842247799593771,0.009440896197454505,0.19093511450381678,0.039454126495207575,12.154654300055764,0.19384795998838356
2021,39,17093.656971186672,0.1223366053960795,3,0.1392318244170096,0.009602194787379975,0.39519322681960944,0.009297343042369732,0.041993666528982516,0.012138373307352662,0.21556042579837195,0.03392952451081829,10.311599696463231,0.18124267843709008
2021,40,19091.515006002403,0.15001717804903958,0,0.15366203925323121,0.011624736527262786,0.3881552621048419,0.01758250355394131,0.027955271565495207,0.00995001160191034,0.2881508078994614,0.06104292032013231,11.194897334587102,0.08751993978950133
2021,41,23538.748066678123,0.173688026684637,1,0.11722689075630252,-3.8362380867532075e-5,0.36415191613679326,3.858676346534806e-4,0.033299004462753176,0.0015076131428746267,0.3184725722039155,0.024740495186299782,12.66257799529203,0.1272604366089027
2021,42,19570,0.17276922154970936,0,0.21631205673758866,-0.011687943262411349,0.5599343185550082,-0.06923234811165846,0.015060240963855422,0.01332412985274431,0.3182844243792325,0.019822885917694044,12.100818120333336,-0.017948550913081472
2021,43,20035.57765233753,0.17693527253049535,6,0.14714967705700646,0.010037459515834485,0.40107106672456216,0.007407639771168095,0.026962209302325582,7.201222123581937e-4,0.24957945267303983,0.03505814375888308,11.948935130628149,0.12675277327332052
2021,44,18856.66141793968,0.1594379742298577,9,0.13495533168599125,0.005935497293539871,0.39287113200156676,-0.005897243048095524,0.025963808025177025,0.0038976494520953434,0.24408545197740114,0.031066635015125105,11.563122460892302,0.10231674110864189
2021,45,16511.30943368758,0.14398231446001247,10,0.14980392156862746,0.012445129206336142,0.43798223904498473,0.025766294804460133,0.02869419561575996,0.006355222381159372,0.1843137254901961,0.023958419272337272,11.475824501599243,0.1422910461597722
2021,46,13470.412223748282,0.15080008948659454,0,0.14901399491094147,0.01669224584910431,0.42202522162567113,0.009113495670466931,0.025732309037536694,0.007337108932044506,0.16811319378601122,0.03882519256631309,11.269734699397894,0.19212663207530079
2021,47,12540.433286843328,0.1782149566577559,0,0.1916038751345533,0.019831446250527046,0.3774988377498838,-0.014374751414901743,0.011090573012939002,6.217518932303077e-4,0.08820286659316427,0.019459579804764704,11.917233468333334,0.4764646094773132
2021,48,18764.41991226904,0.16100770620105223,1,0.10634843318720572,0.003429333937831236,0.35976339226372456,-0.007652413904865596,0.020098824786324788,2.2094147560565783e-4,0.19369675035813919,0.020578470788246706,9.714225617055758,0.10582267026322761
2021,49,17406.195879366976,0.16698215509894285,1,0.09882268997502676,-0.003393178502457156,0.3433860853986265,-0.019664712434780074,0.014670658682634731,0.002617152876372788,0.1365387837158653,0.024251699211152222,9.3627666765,0.16462024876841325
2021,50,12244.89605078435,0.15358131659882118,2,0.1369205298013245,0.003459925844365108,0.44491240920466335,-0.0077938440796246344,0.030771109347335002,0.0014192149353578522,0.1011788529688291,0.02254888544138206,11.337256937234809,0.21122736516577661
2021,51,13382.602276295134,0.15740038997633218,3,0.16666666666666666,0.010960090612299273,0.4291208791208791,0.0024002981669262735,0.02607602890355011,0.0038556423183857304,0.12976266254433028,0.025399959379231896,12.290719020188597,0.21709244428652322
2021,52,15094.952170963365,0.16971548098219547,3,0.12882522556041298,0.0064185865562636085,0.40027137042062416,-0.005229444227525415,0.02243880326382593,0.005481100508684292,0.1348232669869595,0.02195355568230413,11.837312990731522,0.14948636433961204
2021,53,11714.657957559682,0.20099154357262142,0,0.1675178753830439,0.008442892902315119,0.43567639257294427,0.00925498789067003,0.02506631299734748,0.0031664664357628804,0.09843677449311253,0.03021001114439796,11.62498405513846,0.35220168047915573
2021,54,11273.366398882292,0.27841139958365724,0,0.14676113360323886,0.005962907439159032,0.44079636744673417,-0.010757563083430344,0.028670120898100174,0.004722370535255472,0.08678756476683938,0.0130056622146352,8.840572521928573,0.19572431285679512
2021,55,10041.554741885906,0.16966850088728452,0,0.10914454277286136,-0.0030734472652283046,0.44860320043395713,-0.0010302232880474715,0.026241969052574428,0.0024801884229373704,0.07747489239598278,0.01629473069693608,8.926438458921739,0.2805963481931473
2021,56,11620,0.21662653125327191,0,0.1971252566735113,-0.015321095257819162,0.43151693667157587,-0.0030695294938376527,0.036390101892285295,0.015478974185041083,0.08516746411483253,0.03275656264732729,5.9576249088571425,-0.24605241727953905
2021,57,11594.910774249256,0.1731004560896086,4,0.13710585585585586,-2.8544849197023603e-4,0.4581214621510122,-0.012260063953405509,0.03429447265063704,0.006849011707639147,0.10566829951014696,0.015611101019213536,10.306701923563294,0.21123837940179976
2021,58,11464.864426419466,0.20340854635484473,0,0.169,-0.007041666666666668,0.4256469679412901,-0.003098464458222705,0.018773946360153258,-1.690331304935594e-5,0.06379962192816635,0.02584415634112182,8.006762378666666,1.276688645098799
2021,59,15024.891405043747,0.17759505668182596,1,0.13058797621669235,0.006070821024690531,0.43967355341519004,-0.0022074755237166954,0.02846425419240953,0.003811560062480998,0.14477046435809324,0.02143582485966064,10.825398477248443,0.24270064746800743
2021,60,21015.908089644836,0.173191080017061,27,0.1490688428541536,0.0021117197559516465,0.3997943606008853,-0.01157106672198882,0.02180570868553228,0.005613847698582704,0.2725928885337595,0.03890507681948557,11.889053776784785,0.09085588711268044
2021,61,19241.776267463014,0.1540178861708295,22,0.14211409395973154,0.001811718149796332,0.40692685270998524,-0.0016237134475511894,0.027680352107833026,0.002753614121037841,0.2657244913806492,0.04208371661232402,11.981837647193505,0.14173679591354424
2021,62,19563.47107036188,0.18242760844365105,6,0.15818827108331926,0.01769525263822358,0.4186983399319303,0.010161754566076653,0.038445494994438265,0.008044227074259603,0.2823538729605576,0.04776257434486872,11.68448480303846,0.12412654200925213
2021,63,20154.122147772545,0.17654855377017556,16,0.1361725663716814,0.011116336052293202,0.4045635639261137,7.235639261137239e-4,0.039337850743553594,0.009022293350691529,0.28871149319414596,0.04722816246132233,11.884037627933084,0.09976035235137581
2021,64,20731.094803059175,0.1611624715584592,266,0.17408832691955287,0.005388886969335066,0.44867009475085484,0.014613643780354846,0.060881370091896404,0.018405706492768792,0.3354735618826264,0.05417613590434933,12.995535171707012,0.1098299178594598
2021,65,20661.386154780892,0.19237348392085374,48,0.15484831565233576,0.004012948654025267,0.4213564213564214,-0.004761323191395883,0.0544800151543853,0.01405047483788191,0.3027765912003417,0.04983971784090285,12.882361298247163,0.15092070386441578
2021,66,21797.402275471937,0.1933533251499961,98,0.17788089713843774,-0.008285769528228931,0.4640564418737685,-0.0046978220094352485,0.10233862231568215,0.01683473577538487,0.38422005066956205,0.05656970969002084,14.272644336265882,0.11611403336398016
2021,67,33064.0497517807,0.10379014429092608,107,0.15271493212669685,-0.01647626535829888,0.40654003885171597,0.005538623808720444,0.12984349703184025,0.0240617733419312,0.548811013767209,0.022515880329218363,16.762442255041197,0.03415749741026448
2021,68,22929.076147221895,0.23120119446099408,388,0.18922842418523628,0.006586802684011239,0.4515748495930164,-0.018277118152801364,0.10504127358490566,0.025817515511627448,0.37655963778384544,0.06405963778384544,14.330951855513788,0.12052630499890363
2021,69,25889.237478475705,0.16991232126619096,126,0.19703703703703704,-0.018993497314107988,0.42831474133413194,-0.04534958270425693,0.11728671746600926,0.02690704721945049,0.42405410345457867,0.029207964130432917,15.664649052924586,0.1291994357373209
2021,70,12768.496031899655,0.1797010804397145,32,0.13805749438069326,0.01643252534428008,0.4648677945104719,0.028369370397185623,0.05667969203389175,0.01753015144176604,0.1304544222603668,0.027257125665617637,11.344425751119289,0.2933285511812702
2021,71,19473.034393561986,0.16117155376955275,32,0.15029387069689337,-0.004709236823305513,0.43269783483425944,-0.013611558531613666,0.06209040899306386,0.01876964678583877,0.27437704645096844,0.0479706701081245,13.472106813322725,0.1432718901290859
2021,72,18000.649198687006,0.1540210445556194,14,0.13102083136959186,0.006342045798068116,0.391658621355474,-0.003914568826188569,0.03105493738611251,0.0014732951756847856,0.21441040411975212,0.03487663351170389,11.493683450842315,0.15332987965106915
2021,73,16197.182263579007,0.1563748612985157,9,0.11974533403104831,0.012689372960488707,0.3773924077402982,-0.007983646700759461,0.028941974697858506,0.004717821479202716,0.15467196819085488,0.02863774857482146,11.0731280544947,0.21513569446820865
2022,01,11948.444437189866,0.12792238790426996,199,0.25791065611912517,0.020765239576873762,0.5578262383564029,-0.01092718456983044,0.11531047627298521,0.013171461312487656,0.27473322030517605,0.032262757396014724,15.21887184079788,0.09365169762636245
2022,02,17556.07206282629,0.1646472132492476,194,0.3017805509054938,0.01197705407739541,0.6706081834813261,0.06581964580772592,0.1763326697633267,-0.03825053406585213,0.3155895341659148,-0.07290748156929955,15.64870069036388,0.10265133194133996
2022,03,16060.938492636442,0.15409151170344704,64,0.31248198328048427,0.04926292459367426,0.5783280392723072,0.022273922745011054,0.18827947845804988,0.013324899358393066,0.3157775083358593,0.042094834273678605,18.771756560847113,-0.054061877484859314
2022,04,18059.948362777603,0.12894716129479517,159,0.3107421875,0.02094342280583783,0.5937599346019347,0.012301748918022493,0.22533687863355717,0.03065987149510649,0.44244728655375043,0.044232739502674756,16.047234932928344,0.021231517678917847
2022,05,23217.696340797378,0.12779797375955773,328,0.16856898827548722,-0.004257869632937394,0.4732083257479216,0.02166661441681622,0.09347522891274028,0.015236624879105584,0.4190113555952421,0.0376090681760477,14.377274696354526,0.0962636699743348
2022,06,22434.680523175404,0.12185943399336395,750,0.18608465849546635,0.009717164721829236,0.4570474572252736,0.013966553106554147,0.07466572003313217,0.014963934283765724,0.4113199348180337,0.05005323473303491,15.312070177885218,0.1471601639360971
2022,07,30156.70332757628,0.06657300933615055,1631,0.20514469453376205,0.0030366862755853707,0.46956822107081175,0.025791141223948988,0.14237467260947478,0.03238914438950373,0.5511513199928442,0.04689157973310387,14.995865030823913,0.10733678124360348
2022,08,28213.530984262343,0.123751975369723,670,0.21715758872250562,0.00845904217862456,0.4765132823915491,0.017031920965293046,0.10914002916776246,0.020408037945550836,0.5139852786540484,0.04767979945791295,15.203971349796094,0.10715097952540054
2022,09,25737.99273470113,0.13274091776517305,520,0.1870410191909766,0.010116371447460165,0.4481215027977618,0.006908663842015439,0.06656607792668856,0.009752057523863551,0.46373325510902513,0.05050052150484635,14.946847269428693,0.10313231207951605
2022,10,22500.08869126626,0.1275161804489953,554,0.1928356004185388,0.004936337519275913,0.46639235465887974,0.010768094693085761,0.08816754481188276,0.01281787607700001,0.4062866525920713,0.05360364012791308,14.404203694871676,0.10651563653954514
2022,11,16209.098866906941,0.16405826122935663,487,0.2221525731837272,0.017704759183221758,0.5080509243653901,0.002751898985188128,0.11017692268014649,0.02381022020431768,0.3100167717309583,0.05596715686915499,15.232628351234204,0.11244582479364801
2022,12,13866,0.22718824674749977,3,0.25040916530278234,0.031940696834313886,0.44668008048289737,-6.184137597952666e-4,0.03362474781439139,0.013162114362434096,0.11833333333333333,0.08863036303630363,7.194147868333334,0.1741321144125465
2022,13,16433.55168173358,0.14620046911050716,6,0.1464984121678088,0.0077829413733163655,0.3960382876894443,-0.018495865587021987,0.02930135211454769,0.002799468564220548,0.17536803763848838,0.03148093839013741,10.60176877074698,0.02313176767479176
2022,14,20214.96258203546,0.12078767038758446,73,0.17988668555240794,-6.263763445089887e-4,0.43677147614849643,-0.007391701730970035,0.06293364604710251,-0.003244977671784749,0.32034771410173857,0.022962447746091408,14.064691036445314,0.07902852573123478
2022,15,19362.46349124944,0.13454468316962234,174,0.2132100790219174,0.014604863739928337,0.4861209051862299,0.0050574009781197415,0.08064104201251436,0.018184723313740617,0.34582829504232165,0.047591447301583545,14.243633729291451,0.10296445332134746
2022,16,19785.086409972006,0.14913866665762837,30,0.15901597768196804,0.007043976066676616,0.41599323931759363,0.004659286642584082,0.03524252351262813,0.003920652961757469,0.2835891943353564,0.05404458122909947,13.4159069509514,0.12396440037735723
2022,17,19141.227617094304,0.14601013154923384,97,0.17308266189197255,0.0037196689698289764,0.4330919593152233,0.0022126997443356333,0.04243898347731276,0.005947252123954673,0.29099393373775084,0.04251336836672612,14.438381809901754,0.09813948976155794
2022,18,21537.26037513271,0.13456592145620358,243,0.19809222846441948,0.007761141444202674,0.4660846997758641,0.016135181196238857,0.05867208352032501,0.008280477195513426,0.3477480805255798,0.031185597812740273,14.18232015034102,0.07565484177126455
2022,19,29462.59797997815,0.11220305854979741,201,0.15482032610416338,-0.0016310291330697002,0.3836703752424695,-0.00737664227039464,0.04486261523315135,0.006582768707391183,0.45727430424617244,0.03668636154820187,15.444083943668868,0.07766220139002931
2022,20,26158.692219044773,0.10997730746548132,44,0.13946986953820667,0.003092080228398686,0.3831576251653933,-0.009493337710170302,0.04111820949277537,0.00845755035667519,0.4112453306166012,0.03436428010380527,14.782832774062172,0.10573501980460767
2022,21,42466.5758828596,0.0858893524652169,11,0.10664127588669364,-0.004947732476508274,0.35400516795865633,-0.007702270883081064,0.10001730403183942,-0.004797139298150552,0.5434804875550548,0.026671656646876207,15.252065937434576,-0.05919062637320666
2022,22,29881.894291754757,0.16251833065349194,3,0.14897466827503017,-0.005167913613216446,0.3782241014799154,-0.0251171873029008,0.11099320882852293,0.011471261848948824,0.44921168260532435,0.030267162984214724,13.558424957338238,-0.1822400526580611
2022,23,38408.10135162894,0.111683426695031,26,0.14713896457765668,-0.003359675494872788,0.3627213343741013,-0.015120949128559547,0.0947812422462989,0.011414151587625973,0.5290740832384817,0.03268437008318992,18.194538918375425,0.03912746323244826
2022,24,44413.93078713899,0.07919681168382797,33,0.11956717763751128,0.005782807159942532,0.3497766312212924,-0.020611718293270742,0.06005816158806423,0.0054363128485684295,0.5589057658883095,0.038823072444718276,17.901516562914193,0.06044007032147252
2022,25,38840.57729392239,0.09970228662034498,36,0.14276636305867402,-2.2953592686450475e-4,0.3716114755393978,-0.014421388310367489,0.06697102024612941,0.010981744952382862,0.5279175988068605,0.035191771983639264,15.828859088918902,0.02929369698802529
2022,26,39296.7541465508,0.09438333636804094,239,0.1598153912203499,0.0034025171136388144,0.3796373779637378,-0.006242188016930161,0.07834984920292977,0.010891983735135252,0.5468552288797915,0.03755359736367536,15.7272616583035,0.07681231615419788
2022,27,30989.437298051085,0.11886147194238168,154,0.18911035488575595,-0.0015834548358892586,0.4111424781470018,-0.003501701203059926,0.07747391393302872,0.014346174313382837,0.5295620724899757,0.04036898891648866,15.818496613557317,0.06329756788767849
2022,28,26177.73320730939,0.12149713931163204,39,0.1769104232092119,0.006464641935110399,0.40831758034026466,-1.1144012288244465e-4,0.07294890418745657,0.009377015083652573,0.4334584295612009,0.043729661219715776,14.729010174581624,0.043712597560584106
2022,29,20164.601705075263,0.1387667991553411,20,0.1934673366834171,0.0061928204485859895,0.435859864126815,0.001617026473336114,0.07078936823827968,0.010478886029185022,0.33957952468007313,0.04388741191478962,12.945743476450296,0.03948503524097187
2022,30,25674.45958288933,0.1322690078783313,36,0.15836689857195166,-2.15190980287161e-4,0.40698736489572235,-0.005484692454158169,0.06266278535314845,0.012305309443916251,0.44078833130751865,0.04253734748591831,13.509355581138651,0.09448338395117362
2022,31,24052.517313402273,0.16078554603520448,725,0.25494263018534863,0.007271034511104529,0.5012798198013719,0.002189874404648129,0.1237517613183851,0.0213990084374632,0.4907897426579145,0.0516231320588878,15.958939554337244,0.06310883554547743
2022,32,24985.643274683727,0.1142995384304753,220,0.18164101874874,0.0018324192070227896,0.4344917842082303,0.00676918754274608,0.07217244589248313,0.017286630898851428,0.44002069924641807,0.04221653313257967,15.137174477518167,0.11542204518278591
2022,33,21363.973830734965,0.1346508853874964,73,0.16218479575695544,-0.001173698325609096,0.4207763283487114,0.0067969859218408035,0.05006382639221318,0.009114695370865664,0.35612145820460767,0.04346440225962683,14.041970149916152,0.11513631131824166
2022,34,19867.87450636244,0.15387880803406773,20,0.18579791295495038,0.01465786512077552,0.4301228609039052,0.013399697062097315,0.06376429199648197,0.012386694887177543,0.31077382433441153,0.0505242699672101,13.676425019674308,0.10083985291426498
2022,35,20595.41304645745,0.12482257411473721,70,0.17327914328107863,0.006061694503814913,0.42710703028641905,0.0033082002661800614,0.04989954036275562,0.008826918397952771,0.3331683780774465,0.04344904763413415,13.435661722742026,0.09389687444450873
2022,36,25454.909924315107,0.1388812798338761,4,0.14013071895424836,0.014073420182079188,0.37128237927726254,0.0015362960789913616,0.028946518885182397,0.005054251291785352,0.3543713163064833,0.048815760750927695,13.513391518310682,0.031149814624723986
2022,37,14536.718853362734,0.14077300742144824,32,0.1465863453815261,0.004478989516714965,0.4214206961726256,-0.0036122334383230648,0.034687747035573126,0.00649377249070443,0.15678529105469172,0.032900292897669964,12.680476822264373,0.15185078586684903
2022,38,16263.39084267754,0.12670162700601503,6,0.15744157441574416,0.004913543952448196,0.42626571525654094,-0.005981133939460814,0.03909851459791702,0.007823944841649007,0.20005798782255726,0.03613172972589557,13.19219298641102,0.18048804179092043
2022,39,17146.887051958878,0.09375566568697574,3,0.1485182632667126,0.0161331429166032,0.3917754931925535,0.007080253684915938,0.03768278965129359,0.004164908460211739,0.21623345558922022,0.024244271881260104,10.763360534121793,0.13104029859320873
2022,40,19093.005908720457,0.1330293920695338,0,0.16794625719769674,0.026508225031187743,0.3767318663406683,0.011470822163961447,0.03216612377850163,0.008742700355078206,0.29058663028649384,0.05106164709133362,11.890828132690322,-0.0500537107432646
2022,41,23507.644937586687,0.14547494293981295,1,0.11299195937367752,-0.004830243944059606,0.35575589459084606,-0.009969416758040084,0.03161368768455793,-0.0022519027699077626,0.3187585399180168,0.019220294585754194,13.690886716447055,0.1258754553908975
2022,42,19570,0.2106402721930096,0,0.25622775800711745,0.01958653663307164,0.5438898450946644,-0.07119719552429105,0.018691588785046728,0.013580856246716233,0.3238095238095238,-0.0039215686274509665,13.338228212463996,-0.11470752755598383
2022,43,20037.625318947292,0.13596264829206406,6,0.14945753834642725,0.01017591817065347,0.3934533790187359,8.514933739670605e-4,0.02655838454784899,0.0013235979554995954,0.25077399380804954,0.024691546309994067,12.448117602323682,0.06820531009223088
2022,44,18858.44975073198,0.14118686912265327,9,0.13638088012139604,0.006854685976557834,0.39158819340033235,-0.0038416905646591615,0.025590160682404287,0.0024387032922049377,0.25169495280719634,0.03567880206695406,12.75162139408676,0.12160981783875632
2022,45,16506.633570874717,0.12899250609160434,10,0.1570320934340956,0.01693067153889824,0.427574493224532,0.019969098983249056,0.028334689650070282,0.004682614515176372,0.18653153530446437,0.020956403859025752,12.283785243106,0.13761767730545668
2022,46,13495.209467977811,0.13382133250226294,0,0.15072830905636478,0.016907170844982666,0.42259203227433184,0.012988065418456596,0.02378999179655455,0.004881329142798992,0.1706725468577729,0.032480832312868135,11.909097129309515,0.12499022404669899
2022,47,12537.94192634561,0.15560999942811637,0,0.2102454642475987,0.03237127769662257,0.37110481586402266,-0.014130083464836407,0.007981220657276996,-0.0051528373137374964,0.0958980044345898,0.016668882378915284,11.917233468333334,0.06616942021649062
2022,48,18764.989079878666,0.13391833923551555,1,0.10910862152946907,0.005620249436445818,0.3488372093023256,-0.017454626481825053,0.019277597402597404,-0.0010161275640247595,0.19969453990072547,0.025728695498448417,10.832557457871795,0.15519631332273043
2022,49,17396.73698384201,0.15700102966303356,1,0.100711743772242,-0.00300785565551194,0.3372232196289647,-0.015691974717325086,0.015012760846719712,0.0037250733374370737,0.13782696177062373,0.025450475419928703,9.7222864546,0.13026706685765255
2022,50,12254.864405717151,0.1198188768360674,2,0.14217305151915455,0.0021525106085075185,0.4366223671013039,-0.010994830515893672,0.029518449030644153,-0.00116513460477791,0.10564474365613671,0.01906068368979129,12.249174816084007,0.20414038615538024
2022,51,13388.462845181548,0.13320911641717562,3,0.1651750972762646,0.006479445102351544,0.4213831414539892,-0.004164423109593696,0.02625432874285254,0.003988447930802771,0.1330858468677494,0.022885997697312005,11.985542470225198,0.08113358989087024
2022,52,15091.254984987298,0.14339666376121418,3,0.1325930764206401,0.007192661873815148,0.39494957271537456,-0.008712755972866804,0.02292164265351722,0.004240112766913336,0.13696240076768734,0.020354936837502724,12.575343443577008,0.1163894926968191
2022,53,11709.276979893311,0.16252936088064657,0,0.16946251283806915,0.011827044857773583,0.42470250307755436,-0.002994938524225388,0.02714129841789416,0.002357115738974642,0.09252217997465145,0.018978251050663295,12.841313210162602,0.2054455429670764
2022,54,11273.287671232876,0.2247187412652797,0,0.15532994923857868,0.023751001870157634,0.42992623814541625,-0.016889841541527895,0.030683403068340307,0.00402147629976583,0.09212225570383126,0.01343520534411903,10.386546869888887,0.5314848420939133
2022,55,10039.594730941704,0.15310669977794716,0,0.11300351446336848,3.2745812534031027e-4,0.4401158445440957,-0.00383165180981776,0.025084238113066266,-0.0010601879730451139,0.07565902088325915,0.011628889056517155,9.703440498115382,0.27859486278727497
2022,56,11620,0.190939838064979,0,0.18775510204081633,-0.01731889373085385,0.41594827586206895,-0.024704543129028977,0.03604902667627974,0.01626880689605996,0.08760484622553588,0.016897775518465177,8.041269607555556,0.32938349867720695
2022,57,11585.413018096906,0.14506202032513138,4,0.15023869699522607,0.00651749883854405,0.4525199455146916,-0.01459062752808482,0.03387850467289719,0.004629891460592603,0.10636288513752803,0.013921805640641965,10.968273048409715,0.19723802465462423
2022,58,11479.405448085274,0.17775177315410884,0,0.17729083665338646,0.012001580455039351,0.42360836952230557,-0.0030743227853867183,0.0234192037470726,0.004444637739805746,0.06775588659298415,0.020208339045436605,6.120076037833333,-0.01448212747106215
2022,59,15035.20044709389,0.14434315191880384,1,0.13404349755881048,0.006408040746296306,0.4330849478390462,0.0016699065034654903,0.028948742818771918,0.004427115547506442,0.14642381163927143,0.018967050632982124,11.535129601240506,0.21193622645098953
2022,60,21015.19117750687,0.14769679205822997,27,0.15281434123103924,0.004777310543571389,0.391304347826087,-0.015807472693554758,0.022496115270518435,0.004549723224558596,0.27746387924771976,0.03680828895078314,12.650506722975292,0.02597028616687736
2022,61,19233.328900096723,0.12590441872652808,22,0.13967273334446484,-0.0010165670670577998,0.4066602183225093,-4.515125472832615e-4,0.028275504919730708,0.0021121057709132945,0.271630405168723,0.04025801066933374,12.892733888676515,0.18985756759379738
2022,62,19560.818361163954,0.15134887892923923,6,0.16299781549319442,0.018317698231597596,0.41210455858521805,0.003541475305314956,0.039943442912689996,0.0072997318381678375,0.2924080186780452,0.05094400492221127,12.45548468352526,0.09537975039315581
2022,63,20153.02483329501,0.14986790239721784,16,0.14345572830521558,0.014607636958523545,0.4014716026672798,-0.0017542037843330527,0.03895082573900171,0.006750304310103573,0.29619255109451187,0.04603723943578336,12.649498782912758,0.10326195397187936
2022,64,20732.864177876832,0.13851016880178044,267,0.18186809834665366,0.011584084952135476,0.44538194168059647,0.010357876519545006,0.060631779964459065,0.014532207008834543,0.34374077790237856,0.048680658255396414,14.143477365962092,0.09196865783976994
2022,65,20666.17018734099,0.16795813153526806,46,0.16253366768830688,0.012360138000660326,0.4183177858299283,-0.00784777435161027,0.05560896819597739,0.012371593135145582,0.31237060041407866,0.05101376920524986,13.625715053753668,0.0948328091252626
2022,66,21761.26525568722,0.1477562821828169,98,0.18476277372262773,-0.0048276978061697895,0.4622013814080223,-0.008582814740954958,0.10716325106274982,0.01439417408840793,0.3925503501046705,0.04916358416985317,15.89686286828496,0.15567559203349737
2022,67,33067.487293176164,0.0841372996803538,105,0.1550712489522213,-0.009026924563760447,0.40542878771493457,0.008821181837665781,0.13390928725701945,0.02571079750513164,0.5568676196395277,0.027630495591509097,19.105777159678055,0.11524241195364077
2022,68,22953.87801608579,0.18324383239353442,386,0.19398670135877422,0.008965324386932844,0.4480786416443253,-0.015295304556038114,0.1085631004431754,0.024045523779001876,0.3877925495083783,0.06354894016504276,16.508805449129053,0.18208009726206723
2022,69,25931.671087533156,0.09888451981684292,125,0.20277520814061054,-0.011080213546136447,0.4236453201970443,-0.03902687651455394,0.11947069943289225,0.021106403673881072,0.4271251368113827,0.024477233839435675,17.24356112445832,0.07562680104808216
2022,70,12793.81149865849,0.15649843171148356,32,0.1420007053015164,0.011265628833830171,0.46055960137983903,0.025792246207273994,0.05878520789423261,0.011245518393311636,0.13475907118249741,0.02398524940846984,12.125857090019238,0.20875551039793555
2022,71,19475.73850076982,0.12348467454763952,31,0.1520753816793893,-0.003747811764861997,0.42893571978444955,-0.013951837773603648,0.06177754328744784,0.013928054373320141,0.2864128924701306,0.05244478417599269,14.539181830128262,0.12394944592994801
2022,72,17990.703504782814,0.12249918136355248,14,0.13452617627567925,0.008255392427698266,0.38807432962207933,-0.004722018257834026,0.032365764562630114,-0.001006328460625698,0.2213689924533298,0.03380304099360415,12.126000378791012,0.11203261410975525
2022,73,16190.343817365798,0.13991435552817044,9,0.12336367576939748,0.013818915061846071,0.3794395165565254,-0.0036491089520541142,0.028144581725492973,0.0024990147955223745,0.1619130849288949,0.029587261149531474,11.420925863108184,0.12387442355188773
2023,01,11978.30803026605,0.08813834964827652,199,0.2662307333021952,0.017652871249576096,0.5543524086360307,-0.014568405747443558,0.10943121371973426,0.003679704345727272,0.2810680228862047,0.023211455601756692,15.890005586104447,0.13372669140418575
2023,02,17720.548511485198,0.12576839654959238,194,0.3142292490118577,0.0164946211801425,0.671987727008873,0.05498043646267958,0.15714403156856296,-0.046124367981439984,0.3015500442869796,-0.07932557632040965,16.436274260181822,0.19067199611318594
2023,03,16065.073926001309,0.1068078901522757,64,0.31850892343120324,0.03822457699278747,0.5831213200552446,0.021498315976997584,0.19250462238657373,0.01720119950371543,0.3303163979312443,0.043852676932278734,18.984795002896565,0.12447180401200234
2023,04,18050.707138894028,0.06158547949151046,159,0.3165587600549343,0.006220748590217928,0.5915479933419642,0.014908280853195066,0.22096966364219595,0.02278151655187105,0.44813257234404724,0.04103806120329334,17.408158834037675,0.15927698544387298
2023,05,23180.12249587556,0.08257642036261541,328,0.1765295887662989,-8.40200848388678e-4,0.48070351166627384,0.03028482502017421,0.09232808128405243,0.011403955542353142,0.425,0.03436224580331476,16.0825912458646,0.22447336570814733
2023,06,22430.776236417583,0.0732899810751666,750,0.18689133487339765,0.007930904706570124,0.46324641895742047,0.02038087603307709,0.07793480604504381,0.015444619202525364,0.42396124865446716,0.04816049038541237,16.703789595439545,0.21873150584563913
2023,07,30141.146503270986,0.026558808447892438,1631,0.20819970066281804,-0.0011518796565042067,0.4707914862250069,0.025866530742941263,0.14557413241956627,0.0313823922115659,0.5609388568217807,0.0479419948970945,16.590097632742435,0.18815934875723037
2023,08,28213.63497791918,0.07081163445026464,670,0.21894359308770786,0.0095988322361734435,0.48394985516881145,0.022941935459914242,0.11199734917516745,0.020882640351778087,0.5254448306271723,0.04792631802795011,16.752925921704215,0.19199077420686952
2023,09,25736.736235369,0.08100921360493797,520,0.18904771491846184,0.010381807954968292,0.4506347466317762,0.007724793364007498,0.0678519721741587,0.008584956467352418,0.47456111359527187,0.047471932620030355,16.679598062028326,0.19812002857272726
2023,10,22489.464818932654,0.0939464690901136,554,0.19421639504962626,0.0036113778336892277,0.4693456162642948,0.013671482705545857,0.08669833729216152,0.009264184005757972,0.42066485396017894,0.05680702765628415,15.874314475169015,0.2053892540613109
2023,11,16209.202761475583,0.1227097882541491,487,0.23047119110111236,0.020929860136194522,0.5097463844057849,0.0047606294200299715,0.11190451370791202,0.022667266415722184,0.318855747427176,0.04783360678245874,16.00167407559502,0.15534024254434922
2023,12,13866,0.19308208569953536,3,0.24633431085043989,0.028943006502613805,0.4622356495468278,0.01651632033235295,0.055051421657592255,0.03202219225103778,0.17731029301277235,0.14011116828629533,13.39285714,0.960888838937295
2023,13,16449.494535428363,0.10824724447920736,6,0.14618714618714618,0.005761614272252552,0.39620635817028205,-0.011168127426425756,0.029952845852427443,0.0018245598377060988,0.1820073393107101,0.029704870881424678,12.583829837422822,0.18903215310032426
2023,14,20261.88159675237,0.08405055102687868,73,0.18446828358208955,0.002757230082207407,0.44181326116373476,-2.028837466806488e-4,0.062029712521705575,-0.003318186307149855,0.33681104436716197,0.030426665253515617,15.815532593843484,0.27885926751612605
2023,15,19369.646489720577,0.10007948495347659,174,0.21918010951605743,0.010049478206730939,0.4827827636687671,0.0014378199199588382,0.0804001012914662,0.013374102559697024,0.35340684195646027,0.0390456336439558,15.808003304916664,0.16763747431696363
2023,16,19811.393557350897,0.11321423526710644,30,0.16137010016075182,0.008773984425515996,0.4218597231513405,0.010675512625024752,0.04553640339593517,0.014016541565192511,0.299529807859755,0.06025778886894609,21.060815474774422,0.7329596948039229
2023,17,19144.470610273915,0.09034056193395949,97,0.17749556999409333,0.006692503004585654,0.43476812921488633,0.005059571263403839,0.03976018984970232,0.001345787618370703,0.30123993707781993,0.0398902438262862,15.67708538546071,0.20226737075806564
2023,18,21513.397557635242,0.07919876723512455,243,0.2024376088218224,0.011510888483337367,0.4746633188769687,0.025619592967955906,0.055252651990418615,0.0041748062071676265,0.35361662041398273,0.026105582886388923,15.75531481870023,0.1982719141337266
2023,19,29455.384175658608,0.06358374830227256,201,0.1562565390249006,-1.543980603130879e-4,0.38867347617042963,-1.8848796579984395e-4,0.04814057848669303,0.00873629676159219,0.46484763991236805,0.031685365984810865,17.08392695324008,0.1509508044870404
2023,20,26125.22918332141,0.06117619561759661,44,0.14431204807006823,0.009140492145946727,0.3887743509908697,-0.004221266001712909,0.043478260869565216,0.009234874626178974,0.4226504877468475,0.03402580599635513,15.758341039360856,0.15957583449919954
2023,21,42488.80872315632,0.008141468897913482,11,0.11202057998129093,-0.0035477103720997077,0.35475278841351754,-0.009203623992182386,0.10555369688859151,0.002980971144518868,0.5482525814138205,0.02350906904206429,17.483309346429373,0.13883882946918508
2023,22,29862.143127762578,0.05490661747011663,3,0.15153337342152737,0.009940453067545069,0.37276362870974533,-0.02464737452650062,0.1125577488450231,0.00601812130063159,0.44913087934560325,0.02121635405482697,14.11538001837255,0.18298278621883127
2023,23,38361.28554560261,0.02245216030940178,26,0.15036838580040188,-0.0023404178113362595,0.3643322475570033,-0.010300563999875723,0.09814193337153147,0.012825436690294623,0.5373923257635083,0.03225500112410895,19.517264715391487,0.13169955331660171
2023,24,44370.15465969889,-0.0031688331216824057,33,0.11940830511495278,0.007554311620193113,0.353116834639791,-0.015674054626019507,0.06539952482180818,0.009268369287922268,0.5624860272747597,0.03254369399071422,19.42401343560558,0.18258172047289004
2023,25,38761.52332932552,0.027231263390044936,36,0.1477616612751748,0.0022151896744863064,0.3773416592328278,-0.004351184760748639,0.07596221406823328,0.020226966356021225,0.5348900973358315,0.031003237731073607,17.818062111560952,0.10657971858542416
2023,26,39258.61664543524,0.020891263049917314,239,0.16138267415968613,0.002412156743023919,0.3831210191082803,8.004135858480366e-4,0.08963138056602568,0.021139396491423282,0.5573516766981943,0.03953004217840905,18.424004555209144,0.24555639345481914
2023,27,31038.092583206624,0.06339098422351482,154,0.19082319026265215,8.388914443726858e-4,0.4166920087852678,0.0035570677898855707,0.0783988630980578,0.013861592910758294,0.5405594405594406,0.04165746411703691,17.293027048411396,0.18315405938604137
2023,28,26167.4533432669,0.07167332675768122,39,0.17750956726523404,0.0053909491056498005,0.41062891910349536,-0.0012364545416843065,0.07702349869451697,0.0131408082259164,0.4445309734513274,0.044530973451327394,16.776072776142097,0.23307303521689354
2023,29,20159.3483558234,0.09218390320893535,20,0.19691358024691358,0.010264195930646564,0.43757369317437445,0.0032165309020178445,0.06701777485187624,0.009601506909292505,0.34674043062200954,0.039446312974950715,14.424809384916667,0.18490801824809383
2023,30,25641.121586035664,0.08794589085873226,36,0.16955266955266957,0.00671884165949449,0.4138138590023324,0.0010655273309356228,0.06816116328385338,0.013600274257769107,0.4539208107875977,0.04707604040170632,15.337154651781136,0.19468909474552606
2023,31,24059.29264510864,0.1036775862101074,725,0.26338311064535846,0.007730093498975077,0.5042742017749668,0.008060474265425444,0.12202749629388948,0.019340724255697356,0.4999887237545387,0.049119188034599304,17.481129552324607,0.197742694660918
2023,32,24972.863972073163,0.08440814969448344,220,0.18634452379363278,0.005522790218217555,0.4408862731521551,0.011845498731503923,0.07457480541942924,0.018919562001279505,0.4461740075433101,0.03631090346941929,16.690309487229573,0.2073384726072686
2023,33,21361.907777557888,0.0888596217119547,73,0.1683259587020649,0.007077584189711189,0.4213338610726301,0.006431869417115654,0.04940131631115693,0.007624101722791189,0.36615330612961255,0.044033693112901895,15.476747244525606,0.22225644453490914
2023,34,19891.810058277573,0.12270734311592671,20,0.19077620967741934,0.019581274304166896,0.4339520828836607,0.010918375018492188,0.06355382619974059,0.015510519557133173,0.31682562973832235,0.039266324905136984,14.966994426716983,0.23140156641983492
2023,35,20590.887166352117,0.0901718771403012,70,0.17872827954936032,0.010858006440116641,0.4313291992450795,0.006257192661620448,0.05166111607505483,0.008269154890735486,0.3438754409439241,0.0431245022705824,14.945920271213156,0.2387805701073348
2023,36,25464.14727709836,0.10059908528128016,4,0.14082687338501293,0.012224372025578467,0.37148531410055396,-8.025484128724725e-4,0.03401432181971356,0.006990216317605682,0.36092477240057497,0.04555551092352905,15.498880723377356,0.280944668903756
2023,37,14535.261692442005,0.09318112622776957,32,0.1523619937217671,0.005479122185243157,0.4247006734846595,0.0011866178990366238,0.036492476743460074,0.00773735903619293,0.16776572360490677,0.034052439957383746,13.50197740334816,0.19148668321981932
2023,38,16262.828189042242,0.09252746137569068,6,0.16518757563533684,0.009049065666816375,0.42701798410706815,-0.002495332454049204,0.0377342633834776,0.005157844169503802,0.21076616348618626,0.032503136190900894,14.620394126194563,0.20606897893291334
2023,39,17157.46955215729,0.06120465413254958,3,0.1429548563611491,0.005797749129228896,0.3985527034407428,0.011535210307881738,0.03778789132533444,0.0014083802659630718,0.22534106946840207,0.02639595656251778,12.015996011203695,0.24194041649843
2023,40,19101.705546813533,0.09440244522354335,0,0.17089201877934274,0.028913788774610122,0.39004720692368217,0.021615598419871485,0.03884069400630915,0.012772917788141915,0.3088332964356874,0.05894595979756212,13.7668638356,0.24935241335961142
2023,41,23523.94661119778,0.10963263348641104,1,0.12295425933697021,0.00896021424977328,0.35084070029467845,-0.015743282696108196,0.02967719541825755,-0.003992838251776119,0.33184205407508266,0.029657588055665207,14.951204468983333,0.21396412741043255
2023,42,19570,0.11796629534418737,0,0.225,0.021296296296296313,0.5081168831168831,-0.10120211329888751,0.010558069381598794,0.005848493243451228,0.3318077803203661,0.026843241313273924,15.458494562375,0.939310728434416
2023,43,20072.37848674432,0.09710631734370204,6,0.15569690265486727,0.013724534860679566,0.407797863883032,0.018757700506585484,0.026637069922308545,0.0025792092447295585,0.2588451464091638,0.025118100974212493,13.922914990235917,0.17980875957602205
2023,44,18848.705960732063,0.09703717143090568,9,0.14171450079984943,0.008496176092163021,0.3942469726064976,-2.622116715984002e-4,0.026353974665673165,0.0016215133101440335,0.2565238366738301,0.03195363610076421,13.69209100013521,0.18332426169114155
2023,45,16518.609808027923,0.08962541249137852,10,0.15750169721656485,0.014898849115299012,0.4360907504363002,0.024796912512781266,0.02728894797606969,0.0020458441856350817,0.19231073804244536,0.0180628221308832,13.5127161586168,0.18083334403897527
2023,46,13485.062643571118,0.08928508778125259,0,0.1582089552238806,0.017985762598941246,0.42950270068914137,0.01924795252034639,0.026301097946777496,0.0052676001539964,0.17522047130258783,0.02761509284662772,12.563678179235952,0.11171977874452832
2023,47,12530.62777515352,0.10031028329155839,0,0.21610169491525424,0.03487192145247106,0.3665564478034955,-0.013586664897756728,0.006158218853623875,-0.0069461643366156185,0.09340044742729306,0.01186697010547881,11.917233468333334,0.4743009236487347
2023,48,18738.997536781837,0.08635674781506952,1,0.11569448920399614,0.009378351637858565,0.35463684175487653,-0.009372964115394455,0.019367720465890182,-5.456994475297322e-4,0.20734730673878746,0.026244944534063036,12.186915336353838,0.21015558666464132
2023,49,17393.846998646004,0.10623455943092251,1,0.10524450744153083,0.0032473605085779067,0.338949902211524,-0.010396358990180155,0.016025161000449303,0.0053315623074447,0.1419732441471572,0.021565762517230677,10.760658784441864,0.13687300782838632
2023,50,12248.76351392715,0.09912046756767173,2,0.14136125654450263,0.0023776276222652604,0.4417508417508417,-0.0040493123719427815,0.032317297098788104,0.001673586447368345,0.11533477321814255,0.02431535574241439,13.609008895186872,0.2143574698206295
2023,51,13382.71158411141,0.08851415324184693,3,0.1681109185441941,0.00727725751391492,0.4240386137047001,-9.449947163175931e-6,0.031363852368129254,0.007290983142364777,0.13765736179529284,0.021655484742266085,14.5260301922683,0.24706109067911597
2023,52,15096.787893775681,0.1040803001475412,3,0.1372675978170382,0.009302846715510127,0.4019175163597626,-0.0020408408076095785,0.022041719101552074,0.0021288617402923267,0.14566776923407362,0.024549485912370897,13.945464423113451,0.18582678470789085
2023,53,11709.9660543131,0.13488406137890496,0,0.1736040609137056,0.0020964537214510914,0.4295793397231097,-0.0017985968066334124,0.029512969825304394,0.0033019090321110348,0.1027460660290034,0.021577234860172226,13.515186161159573,0.12394694723759145
2023,54,11284.383733055265,0.1620755503085782,0,0.15469061876247506,0.012748249498867797,0.42022940563086547,-0.030122707045190877,0.03559087767795439,0.005818548431019185,0.09923339011925042,0.01914489454402918,7.708899349199998,-0.06439825903911216
2023,55,10043.738345584814,0.09939433464250497,0,0.11810810810810811,0.004016043719517318,0.43416767469991624,-0.011193736796953402,0.02567203050878988,-3.365124432746676e-4,0.07840253422332844,0.007834547992691607,10.389798954991074,0.1914915604832306
2023,56,11620,0.101108689472188,0,0.20850202429149797,-0.005489745255827128,0.41012838801711843,-0.027462323158498392,0.032974910394265235,0.00980329562236082,0.07242339832869081,-0.004880863316502448,8.041269607555556,-0.15180672733861394
2023,57,11595.256809719773,0.11322731304191663,4,0.15308711587256837,0.006542808444980203,0.443758573388203,-0.016157038426142967,0.03195451872181925,0.003592121447816444,0.11236488894167954,0.014634288648853772,12.526387540357147,0.25175400323100994
2023,58,11477.075089392134,0.12020230330230006,0,0.18264379414732593,0.00110533260886439,0.41120381406436235,-0.01592984133016262,0.022458628841607566,0.0011478125971363141,0.0672147001934236,0.014344609558982514,9.234508433299998,0.23496101364341843
2023,59,14890.503464688178,0.08646728878777513,1,0.13408687943262412,0.007421717996634047,0.445789878910898,0.015609877324980925,0.02909090909090909,0.0036349217792516764,0.15225113589425857,0.018730336902694517,10.901467438128492,0.004822795514545744
2023,60,21000.61250394474,0.09557278635889693,27,0.15567545133845195,0.0078123852104485525,0.3882324064658649,-0.01703380435834284,0.022949321712237295,0.004228875668056336,0.2859087542289752,0.035047558686928604,13.960037435321947,0.17166446477205835
2023,61,19224.30823289764,0.09114951821061758,22,0.1395291201982652,-0.004447039869848901,0.4095739263282974,0.0035286561282905082,0.030408959782793146,0.003509675706891289,0.28378533450636884,0.04320801168407601,14.54383481657863,0.22053484734670792
2023,62,19565.785309954437,0.10875803305986671,6,0.16710919349485562,0.019472077247873892,0.4157807538312854,0.008094457035092983,0.039579296983116526,0.003699419673750662,0.30383039092055486,0.050493802378888175,14.018520946184692,0.175341446885156
2023,63,20160.00242407611,0.10447298052452988,16,0.14240367775831875,0.010324007122956558,0.4031284302963776,-1.9731002252898477e-4,0.039792069187597756,0.0048126453192849986,0.3059951543894015,0.04273111467484986,14.454758450560355,0.2015498832661978
2023,64,20728.416499100433,0.09244402386742938,267,0.18724279835390947,0.01332438055415669,0.4480897449465552,0.013153450135296618,0.06108160946870624,0.012563090950187726,0.3552689432800821,0.04828793940995296,15.763083502801992,0.20946234042442655
2023,65,20685.183295554958,0.11167298019024158,46,0.1655013799448022,0.01646966509776321,0.42049252756540784,-0.0036553811941276715,0.055973298549835036,0.010950224224243167,0.32530068912382826,0.05105334050939103,15.40462450527839,0.2273475369809005
2023,66,21667.676009383875,0.1033801458559803,98,0.18920118343195266,-0.0010763715175098887,0.4661686627978763,-0.0016579951141394988,0.11629054137378221,0.021890226268418855,0.4086203253750264,0.05752455833810055,17.253219078700692,0.23566448740341192
2023,67,33016.32909742587,0.06241396699434934,105,0.14931621546190343,-0.02129719395321783,0.4027370478983382,0.0071218646522648865,0.13529667463594872,0.02520193435499478,0.5683462210027438,0.03395743304530807,20.38012328039374,0.20829914214305878
2023,68,22941.860353798125,0.13703323764839073,386,0.1981833786296667,0.009150506530684333,0.4442099004013676,-0.015912250648833504,0.11465271170313987,0.027944399541260448,0.3999244972201249,0.062393457844459765,17.775289594271463,0.2292733868767978
2023,69,25976.001205545508,0.07062926966119068,125,0.19844645829480304,-0.013840876298769733,0.4128993369499699,-0.0418486027634461,0.13215627347858752,0.031614609903607926,0.4363587298731672,0.03151987125279598,18.81057428732489,0.23179895845885803
2023,70,12794.314929312652,0.12488006011584028,32,0.14017273576097106,0.00839646040755987,0.4720685540731099,0.03473374292126402,0.06014031534789527,0.00693204419035956,0.14635176813553594,0.029434097452805008,12.494455585090034,0.14135589486390285
2023,71,19497.3884679533,0.09980356805347329,31,0.15614657210401892,0.0042353513888524486,0.42863950440791043,-0.011086590473610825,0.06580761732680329,0.013145011706838662,0.29749438017435165,0.05025136548947651,16.34846365379195,0.19909647984543435
2023,72,17979.65376711001,0.08812163767719976,14,0.14356297193996456,0.01536513225832728,0.39163984644615923,-3.8750610648663475e-4,0.0374757281553398,0.006036039439386499,0.23265430486637068,0.0375151402948917,13.536344156750626,0.17670516212442464
2023,73,16117.272493483926,0.09953437635117207,9,0.1267653564743917,0.015564639628513552,0.3827975673327541,0.0012176927643656743,0.03540776260467702,0.008986145559382819,0.17231164984214833,0.0331996328977372,16.297611096115315,0.45643601452299193
